-- phpMyAdmin SQL Dump
-- version 5.1.1
-- https://www.phpmyadmin.net/
--
-- Хост: 127.0.0.1:3306
-- Время создания: Июн 08 2023 г., 06:54
-- Версия сервера: 10.3.29-MariaDB
-- Версия PHP: 7.1.33

SET SQL_MODE = "NO_AUTO_VALUE_ON_ZERO";
START TRANSACTION;
SET time_zone = "+00:00";


/*!40101 SET @OLD_CHARACTER_SET_CLIENT=@@CHARACTER_SET_CLIENT */;
/*!40101 SET @OLD_CHARACTER_SET_RESULTS=@@CHARACTER_SET_RESULTS */;
/*!40101 SET @OLD_COLLATION_CONNECTION=@@COLLATION_CONNECTION */;
/*!40101 SET NAMES utf8mb4 */;

--
-- База данных: `teamfortress2`
--

-- --------------------------------------------------------

--
-- Структура таблицы `characters`
--

CREATE TABLE `characters` (
  `ID` int(11) NOT NULL,
  `replica` text COLLATE utf8mb4_unicode_ci NOT NULL,
  `sound` varchar(225) COLLATE utf8mb4_unicode_ci NOT NULL,
  `picture` varchar(500) COLLATE utf8mb4_unicode_ci NOT NULL,
  `Class` varchar(500) COLLATE utf8mb4_unicode_ci NOT NULL,
  `Words` varchar(500) COLLATE utf8mb4_unicode_ci NOT NULL,
  `Title` varchar(500) COLLATE utf8mb4_unicode_ci NOT NULL,
  `Description` text COLLATE utf8mb4_unicode_ci NOT NULL,
  `Link_to_video` varchar(500) COLLATE utf8mb4_unicode_ci NOT NULL
) ENGINE=InnoDB DEFAULT CHARSET=utf8mb4 COLLATE=utf8mb4_unicode_ci;

--
-- Дамп данных таблицы `characters`
--

INSERT INTO `characters` (`ID`, `replica`, `sound`, `picture`, `Class`, `Words`, `Title`, `Description`, `Link_to_video`) VALUES
(7, 'Давай, иди сюда, слабак!', 'https://wiki.teamfortress.com/w/images/2/20/Scout_taunts06_ru.wav', '../персонажи/scout.png', 'Разведчик', '«Травка зеленеет, солнышко блестит, а я, брат, делаю людям больно.»\r\n\r\n', '\'-Разведчик о правде жизни\'\r\n', 'Родившийся и выросший в Бостоне, что в штате Массачусетс, разведчик - быстро бегающий задира с бейсбольной битой, имеющий вычурную привычку высказывать всё \'прямо в лицо\'. Он очень грубый и думает что ему всё по плечу. Это самый быстрый наёмник на поле боя, что позволяет ему оставлять противников далеко позади, а двойной прыжок помогает ему перемещаться по местности и уклоняться от встречных снарядов.', 'https://youtu.be/5mI5wbfpOB8'),
(8, 'Я в этой команде, чтобы убивать таких дурней, как вы.', 'https://wiki.teamfortress.com/w/images/9/9b/Soldier_taunts13_ru.wav', '../персонажи/soldier.png', 'Солдат', '«Если ты уверен, что впереди тебя ждет победа - вступай в бой!»', '\'-Солдат об искусстве войны\'', 'Солдат, также известный под псевдонимом мистер Джейн Доу — неуравновешенный патриот из самого сердца Америки и неотъемлемая часть любой команды. И хотя этот класс достаточно прост в понимании его техники игры, это не делает его одним из слабых. Оснащенный своим ракетомётом и 200 очками здоровья, солдат подходит как для защиты, так и для нападения, так что любой может начать играть этим классом, чтобы овладеть всеми необходимыми навыками игры.\r\n\r\n', 'https://youtu.be/h8I6Rz7lR-c'),
(9, 'Худауда, хуууда!!!', 'https://wiki.teamfortress.com/w/images/b/b5/Hadouken.wav', '../персонажи/pyro.png', 'Поджигатель', '«Не найдется такого человека, который смог бы меня испугать. Но это существо... оно смогло.»', '\'-Пулеметчик о поджигателе\'\r\n', 'Поджигатель - бормочущий пироман неизвестного происхождения, питает жгучую любовь к огню и всему, что с ним связано. Как показано в ролике \'Знакомьтесь, Поджигатель\', он живет в Пироландии - прекрасном мире собственных фантазий. Используя самодельный огнемёт, поджигатель может поджигать противников, сводя на нет их здоровье с помощью последующего урона от догорания.', 'https://youtu.be/cbNTaW_-eN4'),
(10, 'Да, это моя бутылочка!\r\n', 'https://wiki.teamfortress.com/w/images/f/f0/Demoman_specialcompleted02_ru.wav', '../персонажи/negr.png', 'Подрывник', '«Всего один проводок, одна щепотка бесподобного хлората калия, один резкий рывок... и хлобысь!.»', '\'-Подрывник о профессинальном риске\'\r\n', 'Вечно пьяный шотландсий специалист по взрывчатке, подрывник является одним из важнейших членов команды. Несмотря на то, что его оружие неэффективно на дальних дистанциях, подрывник достаточно опасен и может выйти победителем практически из любой ситуации. Он является истинным мастером по работе со взрывчаткой, превосходно расправляющимся с врагами на средней и ближней дистанциях.\r\n\r\n', 'https://youtu.be/KXS5ObT7EPw'),
(11, 'Она весит сто пятьдесят килограмм и делает десять тысяч выстрелов в минуту патронами по двести баксов каждый.\r\nНужно четыреста тысяч долларов, чтобы стрелять из этого пулемета... двенадцать секунд.', 'https://wiki.teamfortress.com/w/images/a/af/Meet_Heavy_Sasha.wav', '../персонажи/heavy.png', 'Пулеметчик', '«Некоторые считают, Что они умнее меня. Посмотрим, посмотрим. Я еще не встречал никого умнее пули.»', '\'-Пулеметчик\'', 'Человек-гора из СССР, пулеметчик является самым мощным и опасным классом в Team Fortress 2. Обладая самым большим запасом здоровья и самой внушительной пушкой, он безусловно заставляет считаться с собой. Его огневая мощь очень велика, он способен остановить лавину врагов, поливая их свицовым дождем мз своего пулемета. Однако при раскрученной пушке пулемётчик становится медленным, как улитка, превращаясь в одну большую мишень для любого врага.\r\n\r\n', 'https://youtu.be/zinWK3CddVU'),
(12, 'Я тебя выдеру как сидорову козу!\r\n', 'https://wiki.teamfortress.com/w/images/9/91/Engineer_taunts01_ru.wav', '../персонажи/engineer.png', 'Инженер', '«Слушай, приятель, я ведь инженер, и я умею решать проблемы. Не проблемы типа \"что есть добро?\", потому что такими вопросами должны разбираться долбанные философы. Я решаю практические проблемы.»\r\n\r\n', '\'-Инженер о своей профессии\'\r\n', 'Инженер (настоящее имя Делл Конагер) - спокойный и добродушный парень из Техаса, помешанный на технике. Его специализация - не бой в авангарде, а поддержка своей команды при помощи построек. Турель, автоматизированная пушка, сама прицеливается и расстреливает врагов.\r\n\r\n', 'https://youtu.be/wSpavPGSlQc'),
(13, 'А теперь попрактикуемся в медицине!\r\n', 'https://wiki.teamfortress.com/w/images/c/c5/LetsGoPracticeMedicine.wav', '../персонажи/medic.png', 'Медик', '«А теперь попрактикуемся в медицине!»', '\'-Медик о своей профессии\'', 'Медик - \"сумрачный тевтонский гений\", лечащий и калечащий своих подопечных без малейшей оглядки на профессиональную этику. На передовой иногда находится работа для его шприцемета и медицинской пилы, но товарищи по команде любят его не за это. Главное орудие медика — лечебная пушка. Пока она нацелена на товарища, тот получает дополнительный бонус до 150% его максимального здоровья. После того, как медик прекратит лечение, этот бонус станет медленно снижаться до максимального здоровья для класса пациента. Такой эффект называют сверхлечением.', 'https://youtu.be/PxzG2e3B3pY'),
(14, 'Несладко, пожалуй, лишиться башки!\r\n', 'https://wiki.teamfortress.com/w/images/0/09/Sniper_specialcompleted03_ru.wav', '../персонажи/sniper.png', 'Снайпер', '«Мне нравится быть снайпером! Интересная работа на свежем воздухе. И прибыльная к тому же. В конце концов, если во всём мире останется всего два человека, то один из них захочет убить другого.»', '\'-Снайпер о своей профессии\'', 'Родом из затерянной странный Новой Зеландии и выросший в австралийской глуши, снайпер - жестокий и расчетливый стрелок. На поле боя главная роль снайпера - выводить из игры стратегически выжные цели противника, используя свою снайперскую винтовку и целясь точно в голову, мгновенно убивая при этом любого противника.\r\n\r\n', 'https://youtu.be/Jk27fggxnQo'),
(15, 'Я никогда не был на вашей стороне.\r\n', 'https://wiki.teamfortress.com/w/images/6/62/Spy_specialcompleted07_ru.wav', '../персонажи/spy.png', 'Шпион', '«Этот шпион уже прорвал нашу оборону... Видите, что он сделал с нашими друзьями? Но хуже всего: он может быть лбым из нас!»', '\'-Синий шпион о Красном шпионе\'\r\n', 'Являясь по происхождению французом, шпион предпочитает носить стильные костюмы, использовать острые ножи и полагаться на скрытность и неожиданность, чтобы помогать своей команде. Обладая способностями к полному исчезновению или имитации собственной смерти, шпион может одурачить любого врага Его маскировочный набор позволяет принять облик любого класса для беспрепятственного проникновения на территорию врага, чтобы затем расправиться с ничего не подозревающими \'союзниками\'. Один удар в спину - и любой противник будет повержен.\r\n\r\n', 'https://youtu.be/Sl4FsiWlI70');

-- --------------------------------------------------------

--
-- Структура таблицы `hats`
--

CREATE TABLE `hats` (
  `ID` int(11) NOT NULL,
  `picture` varchar(500) COLLATE utf8mb4_unicode_ci NOT NULL,
  `Name` varchar(225) COLLATE utf8mb4_unicode_ci NOT NULL,
  `Description` text COLLATE utf8mb4_unicode_ci NOT NULL
) ENGINE=InnoDB DEFAULT CHARSET=utf8mb4 COLLATE=utf8mb4_unicode_ci;

--
-- Дамп данных таблицы `hats`
--

INSERT INTO `hats` (`ID`, `picture`, `Name`, `Description`) VALUES
(1, 'https://steamuserimages-a.akamaihd.net/ugc/940560163417503867/306D57EF22F79B03DDA718F7124F2E584A24DCC3/', 'Берет Билла', 'Берет Билла — это поощрительный аксессуар для всех классов. Представляет собой немного потертый берет, окрашенный в командные цвета, с желтым щитом-эмблемой или «вспышкой» 1-ой армии специального назначения США. Этот же берет носил персонаж Уильям «Билл» Овербек из игры Left 4 Dead, давший свое имя головному убору.\r\n\r\nЭтот предмет получили игроки, которые оформили предварительный заказ игры Left 4 Dead 2 в Steam или на сайте Gamestop до 17 ноября 2009.'),
(2, 'https://steamuserimages-a.akamaihd.net/ugc/940560163417511069/385AC8D6CE2865E605C049FAD1887F171025521B/', 'Отрезанная голова Макса', 'Отрезанная голова Макса — это поощрительный аксессуар для всех классов. Представляет собой половинку головы Макса с половиной челюсти и движущимися ушами.\r\n\r\nЭтот предмет получили игроки, купившие игру Sam & Max: The Devil\'s Playhouse в Steam или на сайте компании Telltale до 26 апреля 2010 года.'),
(3, 'https://steamuserimages-a.akamaihd.net/ugc/940560163417518774/AFFC6B81366A488F0A67C9EBFF91D0D5DDF19AC4/', 'Наушники', 'Что, черт возьми, мне делать с наушниками? Давать парню слушать в них Сару Маклахлан до тех пор, пока он не умрет от грусти? — Разведчик\r\n\r\n\r\n— это аксессуар для всех классов. Представляет собой стилизованную версию белых наушников, которые обычно поставляются с iPod и iPhone от компании Apple. Сами наушники соединены с телом через подвижные провода. Периодически возле наушников появляются белые музыкальные ноты. Музыкальные нотки не имеют звукового эффекта.\r\n\r\n\r\nЭтим предметом были награждены игроки, запустившие Team Fortress 2 на платформе Mac в период между 10 и 14 июня 2010 года. Выдача затем была продолжена до 16 августа, прежде чем была закрыта совсем.'),
(4, 'https://steamuserimages-a.akamaihd.net/ugc/940560163417525980/E5FC7DA88FF68A701072ACB28324FFA02AD1ADD8/', 'Будоражащий кровь череп', 'Если придётся расколоть кому-нибудь башку, я это сделаю — Солдат\r\n\r\n\r\nБудоражащий кровь череп — это аксессуар для всех классов. Представляет собой серый череп демонического вида с глазницами, острыми зубами и завитыми рогами.\r\n\r\n\r\nБудоражащий кровь череп можно было приобрести в магазине Манн Ко во время обновления «Вииизг Фортресс» с 27 октября по 8 ноября 2010.\r\n\r\n\r\nТакже предмет можно было сковать по чертежу «Изготовить проклятую шляпу» с 50% вероятностью (вторым возможным результатом был Амулет вуду). После Очень страшного хеллоуинского выпуска его нельзя больше получить при ковке — результатом чертежа сейчас является один из трех вариантов Леденящего кровь черепа 2011.'),
(5, 'https://steamuserimages-a.akamaihd.net/ugc/940560163417540201/DE1DD2C871F9439970F6760C3E01B83C8CD4186F/', 'Амулет вуду', 'Амулет вуду — это аксессуар для всех классов. Представляет собой низкий цилиндр, украшенный черепом, который окружен сердечками, костями и парой колец.\r\n\r\n\r\nАмулет вуду можно было приобрести в магазине Манн Ко во время обновления «Вииизг Фортресс» с 27 октября по 8 ноября 2010.\r\n\r\n\r\nТакже предмет можно было сковать по чертежу «Изготовить проклятую шляпу» с 50% вероятностью (вторым возможным результатом был Будоражащий кровь череп). После Очень страшного хеллоуинского выпуска его нельзя больше получить при ковке — результатом чертежа сейчас является один из трех вариантов Леденящего кровь черепа 2011.'),
(6, 'https://steamuserimages-a.akamaihd.net/ugc/940560163417549779/4A3836992BC208497F1C03D48F2B1083D555865C/', 'Шляпа несметного богатства и уважения', '— это поощрительный аксессуар для всех классов. Представляет собой треуголку со стоящим на ней закрытым сундуком, который обвивает щупальцами огромный серый осьминог.\r\n\r\n\r\nЭтот предмет можно было получить, выполнив все 28 заданий в розыгрыше «Невероятная охота за сокровищами» в Steam. Игроки, выполнившие все задания, могли пройти на страницу розыгрыша, нажать на кнопку «Я хочу забрать шляпу» и получить заслуженную шляпу. Если игрок уже владел Шляпой сокровищ или Шляпой добычи, то они могли быть улучшены до Шляпы несметного богатства и уважения после выполнения всех 28 заданий.\r\n\r\n\r\nКогда игрок совершает убийство в одиночку, всем в Пироландии сообщается, что этот предмет помог в убийстве. Если он был переименован, то будет использовано новое имя.'),
(7, 'https://steamuserimages-a.akamaihd.net/ugc/940560163417555785/460781E9F2F57A2743CF9E4A7F18E789AD1F1E5D/', 'Шляпа праздничного расстроения', 'Шляпа праздничного расстроения — это созданный сообществом аксессуар для всех классов. Представляет собой надеваемую на голову персонажей огромную подарочную коробку цвета команд, слабо связанную жёлтой лентой.\r\n\r\n\r\nШляпа праздничного расстроения была представлена в Мастерской Steam под названием «Severed Smissmas Hat».\r\n\r\n\r\nДанный предмет можно было получить случайным образом во время Зимней распродажи Steam 2011 из груды подарков, сковав 7 Праздничных углей или выполнив специальные достижения.'),
(8, 'https://steamuserimages-a.akamaihd.net/ugc/940560163417561058/814CA161982B2390A6C346C4778BB7F5DDF7DC96/', 'Филателист', 'Филателист — это аксессуар для всех классов, которым награждается игрок, купивший наибольшее количество марок за день. Представляет собой огромный цилиндр, обклеенный марками, с лупой и сложенной картой, торчащей из-за пояса шляпы. Филателист настолько велик, что покрывает половину головы игрока и имеет свечение командного цвета.\r\n\r\n\r\nИгрок, который приобрел наибольшее количество марок за день, может носить этот предмет только в течение 24-х часов. Это может позволить одному и тому же игроку владеть шляпой несколько дней подряд в том случае, если он будет продолжать иметь наибольшее количество приобретенных марок. Краска, измененные описание и название предмета, наряду с уровнем, будут переданы следующему владельцу без изменений.'),
(9, 'https://steamuserimages-a.akamaihd.net/ugc/940560163417565173/6C4353518EE27EE703D913A18EC4724CBA87A0A4/', 'Щедрая душа из щедрых краев', 'Щедрая душа из щедрых краев — это аксессуар для всех классов, которым награждается игрок, раздавший наибольшее количество подарков за день, включая Тайные Сакстоны и Кучи подарков. Представляет собой огромный цилиндр со свечением командного цвета и полностью накрывает верхнюю часть головы игрока. Его украшает огромный ленточный бант и свисающий с козырька ярлык.\r\n\r\n\r\nИгрок, который раздал наибольшее количество подарков за день, может носить этот предмет только в течение 24-х часов. Это может позволить одному и тому же игроку владеть шляпой несколько дней подряд в том случае, если он будет продолжать иметь наибольшее количество розданных подарков. Краска, измененные описание и название предмета, наряду с уровнем, будут переданы следующему владельцу без изменений.'),
(10, 'https://steamuserimages-a.akamaihd.net/ugc/940560163417570731/35904B03DB82AF712C1A4FC7095593148D2E7B95/', 'Заклятая шляпа', 'Заклятая шляпа — это созданный сообществом аксессуар для всех классов. Представляет собой зеленую призрачную шляпу с дьявольским лицом. При надевании этой шляпы изменяются голосовые реплики разведчика. Заклятая шляпа настроена так, что повторяет выражение лица хозяина.\r\n\r\n\r\nЭтот предмет может быть использован только во время Хеллоуина или Полнолуния, либо при включенном режиме Хеллоуина на сервере. В остальных случаях он не виден в игре, но, несмотря на это, может быть надет в соответствующий слот и будет отображаться на игроке в меню снаряжения.\r\n\r\n\r\nЗаклятая шляпа была представлена в Мастерской Steam.'),
(11, 'https://steamuserimages-a.akamaihd.net/ugc/940560163417574851/769307F0110E4BEDBD1D43EA0AE34EC625FA6EE0/', 'Гораций', 'О-он прям как медведь! Большой бритый медведь, который ненавидит людей! — Разведчик\r\n\r\n\r\nГораций ­– это поощрительный аксессуар для всех классов. Представляет собой коричневую плюшевую голову медведя, покрывающую верхнюю часть головы. Если этот предмет надеть на подрывника, то на месте левого глаза-пуговицы будет вышитый нитками крестик.\r\n\r\n\r\nЭтот предмет высшей пробы был выдан игрокам, которые поддержали Rock Paper Shotgun в рамках программы поддержки.\r\n\r\n\r\nГораций был представлен в Мастерской Steam.'),
(12, 'https://steamuserimages-a.akamaihd.net/ugc/940560163417578863/02208EA02A58C8EAC2DE9D7C4458EB99504379F4/', 'Милосердная мордаха Honeydew', 'Милосердная мордаха Honeydew— это поощрительный аксессуар для всех классов. Представляет собой медаль в стиле старого телевизора с мультяшным изображением аватара Саймона Лейна.\r\n\r\n\r\nЭтот предмет высшей пробы получили игроки, сделавшие пожертвование на сумму от пяти долларов и более в благотворительной акции «Yogscast Jingle Jam 2015» (английский), организованной Humble Bundle.\r\n\r\n\r\nМилосердная мордаха Honeydew была представлена в Мастерской Steam.'),
(13, 'https://steamuserimages-a.akamaihd.net/ugc/940560163417582675/5B68A8824DBD2877D9CE54DEF59FC737E7115CE2/', 'Снеговик', 'Усадите этого вязаного приятеля на свою башку, чтобы чистые эмоции потекли по вашим венам и наполнили сердце. Будьте готовы почувствовать тепло, будьте готовы почувствовать любовь, которые вас окутают. — Рекламное описание Снеговика\r\n\r\nСнеговик — это созданный сообществом аксессуар для всех классов. Представляет собой белую шапочку в виде головы снеговика с черными пуговицами в качестве глаз, несколькими стежками-крестиками, складывающимися в улыбку, и носом-морковкой. К шапочке прицеплен небольшой серый цилиндр, перевязанный лентой цвета команды, которую можно покрасить.\r\n\r\n\r\nСнеговик был представлен в Мастерской Steam.'),
(14, 'https://steamuserimages-a.akamaihd.net/ugc/940560163417589900/C269999E3F2FF8F40490A55734D66BD8C86C93FB/', 'Котострофа', 'Котострофа — это созданный сообществом аксессуар для всех классов. Представляет собой группу маленьких полосатых котят, очень похожих на тигрят. Количество котят и их расположение на игроке зависят от класса.\r\n\r\n\r\nКогда игрок совершает убийство в одиночку, всем в Пироландии сообщается, что этот предмет помог в убийстве. Если он был переименован, то будет использовано новое имя.\r\n\r\n\r\nКотострофа была представлена в Мастерской Steam.'),
(15, 'https://steamuserimages-a.akamaihd.net/ugc/940560163417592988/23236EDDEB0C187A9123CCB78F12AB459EF99473/', 'Капитан Картонная борода', 'Капитан Картонная борода— это созданный сообществом аксессуар для всех классов. Представляет собой картонную, небрежно покрашенную пиратскую шляпу с бородой. Для обеих команд цвета шляпы и бороды разные. При ношении поджигателем, у него на поясе появляется желтая пряжка.\r\n\r\n\r\nКапитан Картонная борода был представлен в Мастерской Steam'),
(16, 'https://steamuserimages-a.akamaihd.net/ugc/940560163417600166/B465312C11FDA795753CC7FB7FD042176E48EB62/', 'Калиевый капюшон', 'Калиевый капюшон — это созданный сообществом аксессуар для всех классов. Представляет собой головной убор в виде большого банана.\r\n\r\n\r\nКалиевый капюшон был представлен в Мастерской Steam под названием «Banana Beanie».'),
(17, 'https://steamuserimages-a.akamaihd.net/ugc/940560163417603667/CA239DD38C94901897044E90F2DA8A4D7F7D2AC7/', 'Космический хомячок', 'Чего хомячок не знал, когда подписывал бумаги на бесплатное питание, так это то, что он будет запущен в космос. — Рекламный слоган Космического хомячка\r\n\r\n\r\nКосмический хомячок — это созданный сообществом аксессуар для всех классов. Представляет собой одетого в маленький космический скафандр хомяка, который парит над плечом игрока.\r\n\r\n\r\nКосмический хомячок был представлен в Мастерской Steam.'),
(18, 'https://steamuserimages-a.akamaihd.net/ugc/940560163417607446/410D6E6461050A1020CA024D76287C4FB51EB0C5/', 'Утконос', 'Утконос — это созданный сообществом аксессуар для всех классов. Представляет собой кепку в виде головы утки.\r\n\r\n\r\nУтконос был представлен в Мастерской Steam.'),
(19, 'https://steamuserimages-a.akamaihd.net/ugc/940560163417612176/7F97F6AC410365784CB463EBE756293DB95FA6AE/', 'Доисторический динозавр', 'Почему бы в этом году вам не напугать ваших друзей и близких, переодевшись в страшный сон креациониста — живого динозавра! — Реклама Доисторический динозавр\r\n\r\n\r\nДоисторический динозавр — это созданный сообществом аксессуар для всех классов. Представляет собой покрашенный в цвет команды капюшон в виде головы динозавра с тремя рогами на верхней части, белыми зубами по краям капюшона и парой подвижных плавающих глаз по обе стороны капюшона. Будучи одетым на медика и шпиона, капюшон покрашен в более тёмный цвет команды.\r\n\r\n\r\nДоисторический динозавр был представлен в Мастерской Steam.'),
(20, 'https://steamuserimages-a.akamaihd.net/ugc/940560163417617842/4D7A4AD1D567EF12BC9CFA6261F9D3113CC7F548/', 'Меломанн', 'Меломанн — это поощрительный аксессуар для всех классов. Представляет собой пару зеленых наушников, к которым сверху прикреплен проигрыватель для грампластинок в деревянном корпусе в стиле 70-х годов. Пластинка постоянно вращается, а тонарм проигрывателя покачивается при движении игрока.\r\n\r\n\r\nМеломанн высшей пробы получили игроки, открывшие Что в коробке «Саундтрек Team Fortress 2»?, который выдавался при введении кода с карточки, прилагавшейся к изданию саундтрека Fight Songs: The Music of Team Fortress 2 на CD или виниловой пластинке. Сам саундтрек был выпущен 21 апреля 2017 года.\r\n\r\n\r\nМеломанн был добавлен в игру как рекламный предмет «Саундтрек Team Fortress 2».'),
(21, 'https://steamuserimages-a.akamaihd.net/ugc/940560163417623630/B7C6D319EA28D9441A7D9A507356D58107230491/', 'Шапочка принни', 'Шапочка принни — это созданный сообществом поощрительный аксессуар для всех классов. Представляет собой головной убор, окрашенный в цвета команды и имеющий форму принни из серии игр Disgaea.\r\n\r\n\r\nПредметом высшей пробы были награждены игроки, купившие игру Disgaea PC в Steam до 4 июля 2016 года.\r\n\r\n\r\nШапочка принни была представлена в Мастерской Steam.');

-- --------------------------------------------------------

--
-- Структура таблицы `hats_characters`
--

CREATE TABLE `hats_characters` (
  `ID` int(11) NOT NULL,
  `character_id` int(11) NOT NULL,
  `hat_id` int(11) NOT NULL
) ENGINE=InnoDB DEFAULT CHARSET=utf8mb4 COLLATE=utf8mb4_unicode_ci;

--
-- Дамп данных таблицы `hats_characters`
--

INSERT INTO `hats_characters` (`ID`, `character_id`, `hat_id`) VALUES
(1, 7, 1),
(2, 7, 2),
(3, 7, 3),
(4, 7, 4),
(5, 7, 5),
(6, 7, 6),
(7, 7, 7),
(8, 7, 8),
(9, 7, 9),
(10, 7, 10),
(11, 7, 11),
(12, 7, 12),
(13, 7, 13),
(14, 7, 14),
(15, 7, 15);

-- --------------------------------------------------------

--
-- Структура таблицы `news`
--

CREATE TABLE `news` (
  `ID` int(11) NOT NULL,
  `Description` text COLLATE utf8mb4_unicode_ci NOT NULL,
  `Header` varchar(255) COLLATE utf8mb4_unicode_ci NOT NULL,
  `picture` varchar(255) COLLATE utf8mb4_unicode_ci NOT NULL,
  `Publication_time` date NOT NULL,
  `Type` varchar(64) COLLATE utf8mb4_unicode_ci NOT NULL
) ENGINE=InnoDB DEFAULT CHARSET=utf8mb4 COLLATE=utf8mb4_unicode_ci;

--
-- Дамп данных таблицы `news`
--

INSERT INTO `news` (`ID`, `Description`, `Header`, `picture`, `Publication_time`, `Type`) VALUES
(1, 'Время лета! Если вы думаете, что это означает посетить экзотические острова и потягивать сухой мартини, вы жестоко ошибаетесь: единственный напиток, который вы будете пить, — это аккумуляторная кислота. Компания Grey Gravel Co. взяла своих роботов-угроз из тропических лесов Нью-Мексико и отправила их в каждый уголок земли, чтобы разрушить наши объекты. Operation Voltaic Violence — это новое благотворительное мероприятие «Манн против машин», организованное Moonlight MvM, включающее 6 промежуточных, 9 продвинутых и 6 экспертных миссий на 16 картах. Уничтожайте роботов, чтобы заработать до 2 игровых медалей! Серверы событий доступны по всему миру в Северной Америке, Южной Америке, Европе, Азии, Австралии и Южной Африке.\r\n\r\n', 'Operation Voltaic Violence', '../новости/aw.png', '2023-05-02', 'Внутриигровое событие'),
(2, 'Равняйсь, бойцы! Солнце заходит за туманный горизонт, и скоро вас настигнет адреналин войны! Вы знаете правила: кто выжил, того и тапки! Fortress Faceoffs готова открыть 2023 год новым турниром Mann O\' War , в котором участвуют все (и мы не только про уровень игры )! В этой битве вы и четыре ваших друга можете выбрать себе любую из девяти наёмнических профессий! Докажите, что ваша команда знает войну как никто другой, став лидером группового этапа и заняв почётное место среди 16 лучших коллективов! Возможно, вы уже привыкли к бессмысленному насилию без выгоды, но кое о каком искусстве войны Сунь-цзы не подумал: о ДЕНЬГАХ! Благодаря новейшему и искуснейшему внедрению VScript невозможное стало возможным! За каждое подтверждённое убийство за время своей службы вы получите денежный приз! Тратьте свой зверский заработок на станции улучшений в зоне возрождения, чтобы усилить оружие так же, как вы делали это на протяжении последних десяти лет (только раньше вы превращали сталь в шрапнель, а теперь — кишки в ошмётки )!\r\n\r\nFortress Faceoffs готова открыть 2023 год новым турниром Mann O\' War, в котором участвуют все (и мы не только про уровень игры)! В этой битве вы и четыре ваших друга можете выбрать себе любую из девяти наёмнических профессий! Докажите, что ваша команда знает войну как никто другой, став лидером группового этапа и заняв почётное место среди 16 лучших коллективов! Возможно, вы уже привыкли к бессмысленному насилию без выгоды, но кое о каком искусстве войны Сунь-цзы не подумал: о ДЕНЬГАХ!\r\n\r\nБлагодаря новейшему и искуснейшему внедрению VScript невозможное стало возможным! За каждое подтверждённое убийство за время своей службы вы получите денежный приз! Тратьте свой зверский заработок на станции улучшений в зоне возрождения, чтобы усилить оружие так же, как вы делали это на протяжении последних десяти лет (только раньше вы превращали сталь в шрапнель, а теперь — кишки в ошмётки)!', 'Турнир Mann O\' War\r\n\r\n', '../новости/m.jpg', '2023-05-08', 'ВНУТРИИГРОВОЕ СОБЫТИЕ'),
(3, 'TF2 Coaching Central возвращается с четвёртым кубком новичков в Северной Америке — обучающим дружеским состязанием для тех, кому в новинку соревновательная игра 6 на 6. Участники, не имеющие значительного соревновательного опыта, будут распределены по командам из шести человек, а тренер научит их основам игры 6 на 6 и поможет изучить карты. У вас будет четыре недели, чтобы учиться и тренироваться вместе с командой, а затем вы выступите на турнире. Среди призов — ключи и месяц бесплатного хостинга частных серверов. Прошлые кубки стали первыми шагами для новых игроков и команд, которые теперь играют в RGL — крупнейшей североамериканской соревновательной лиге по TF2.\r\n\r\n', 'TF2 Coaching Central: кубок новичков\r\n\r\n', '../новости/rerere.png', '2023-04-12', 'Новость'),
(4, 'Вот и начался очередной апрель, сопровождаемый знакомыми звуками заезженных мемов, ушераздирающих визгов и непостижимых шуток для своих. Это может означать только одно: мем-машины вернулись, чтобы сеять хаос, несчастье и беспорядки на наших предприятиях. И отключить их извергающие бессмыслицу алгоритмы может лишь одно — насилие. Надевайте клоунские костюмы, накладывайте грим и хватайте пушки. Не позвольте им смеяться последними! Операция Last Laugh — это тур «Манна против машин» в честь первого апреля. Группа Moonlight MvM подготовила 7 новых миссий на 7 картах, наполненных новейшим мозговыносящим, вымученно-улыбочным и юмороподавляющим контентом. Завершите 6 миссий, чтобы получить внутриигровую медаль! Серверы события доступны по всему миру: в Северной Америке, Южной Америке, Европе, Азии и Австралии. Вы можете не только смеяться до упаду, но и участвовать в благотворительном сборе для организации Food For The Hungry . Она помогает социально незащищённым группам, находящимся в крайней нищете. Для жертвователей есть целых четыре внутриигровых медали: за пять , пятнадцать , двадцать пять и тридцать пять долларов США соответственно. Подробнее о пожертвованиях. Хотите создавать контент для будущих событий в режиме «Манн против машин»? Что ж, вам повезло! Группа Moonlight MvM принимает новые карты и миссии для своего следующего события. Подробности можно узнать в правилах или на Discord-сервере Moonlight MvM . Все авторы работ получат специальную внутриигровую медаль контент-мейкера! Веселитесь, но не тяните, иначе мем-машины захватят вселенную до 17 апреля!\r\n\r\n', 'Операция Last Laugh\r\n\r\n', '../новости/бойня2.png', '2023-04-01', 'Внутриигровое событие'),
(5, 'Для Team Fortress 2 доступно обновление. Оно автоматически установится при следующем запуске игры. Что изменилось:\r\n\r\n\r\nУстранена уязвимость, из-за которой Закусочную атаку можно было использовать для блокировки движения других объектов.', 'Вышло обновление Team Fortress 2\r\n\r\n', '', '2023-03-31', 'НЕБОЛЬШОЕ ОБНОВЛЕНИЕ ИЛИ СПИСОК ИЗМЕНЕНИЙ');

-- --------------------------------------------------------

--
-- Структура таблицы `users`
--

CREATE TABLE `users` (
  `id` int(11) NOT NULL,
  `login` varchar(50) COLLATE utf8mb4_unicode_ci NOT NULL,
  `password` varchar(255) COLLATE utf8mb4_unicode_ci NOT NULL,
  `is_notification` tinyint(1) NOT NULL DEFAULT 0
) ENGINE=InnoDB DEFAULT CHARSET=utf8mb4 COLLATE=utf8mb4_unicode_ci;

--
-- Дамп данных таблицы `users`
--

INSERT INTO `users` (`id`, `login`, `password`, `is_notification`) VALUES
(1, 'test', '$2y$10$DXcmobpDvm0dvK2VB4/oAeYOWmU1DkjjUqreJ01iso7o5MIGhCHX6', 0),
(2, 'tweexuk', '$2y$10$jULTR/z6iowGu6icPVNrq.z4I1gfxjYBsh.si5lcly91Bl8m0pklu', 0),
(3, 'Пользователь', '$2y$10$LPAZ7dD94i0UBMGZQeiyVO6g6zctjV8cAk5PKV7R/aMKjvUcJ9lHe', 0),
(4, 'boykisser', '$2y$10$KdfQ/ZoY1nh3bvJYIaNi8uWtItJeREkp4hMW81xvw33RCA6FNkkv.', 0);

-- --------------------------------------------------------

--
-- Структура таблицы `weapons`
--

CREATE TABLE `weapons` (
  `ID` int(11) NOT NULL,
  `phrase` text COLLATE utf8mb4_unicode_ci NOT NULL,
  `Picture` varchar(300) COLLATE utf8mb4_unicode_ci NOT NULL,
  `Name` varchar(50) COLLATE utf8mb4_unicode_ci NOT NULL,
  `Description` text COLLATE utf8mb4_unicode_ci NOT NULL,
  `character_id` int(11) NOT NULL
) ENGINE=InnoDB DEFAULT CHARSET=utf8mb4 COLLATE=utf8mb4_unicode_ci;

--
-- Дамп данных таблицы `weapons`
--

INSERT INTO `weapons` (`ID`, `phrase`, `Picture`, `Name`, `Description`, `character_id`) VALUES
(1, '', 'https://wiki.teamfortress.com/w/images/7/74/Backpack_Scattergun.png', 'Обрез', 'Обрез — это стандартное основное оружие для разведчика. Представляет собой короткий, двуствольный, рычажный дробовик с деревянной ручкой и металлическим стволом.\r\n<br>\r\nИз-за выстрела десятью дробинками за один выстрел при несколько увеличенном уроне, это оружие становится смертельно опасным на ближней дистанции, позволяя убить практически любой класс с двух выстрелов. Однако из-за того, что дробь рассеивается внутри широкого конуса разброса, урон обреза значительно снижается на средней дистанции, а на больших расстояниях он почти бесполезен. Поэтому необходимо находиться как можно ближе к противнику для эффективного применения обреза, используя скорость разведчика для уклонения от атак.\r\n<br>\r\nСтандартный урон за дробь, количество дроби за выстрел, а также количество патронов в обойме одинаково для обреза и дробовика. Основным отличием является повышенный урон, который можно нанести обрезом (175% против 150%). Кроме того, скорость стрельбы обреза немного медленнее, а скорость перезарядки отличается.\r\n<br>\r\nПри первом выстреле из обреза хотя бы одна дробинка летит точно в цель, после этого начинает действовать эффект «разброса при стрельбе». Когда на сервере отключен эффект разброса, все дробинки будут попадать в небольшой радиус вокруг прицела.', 7),
(2, '', 'https://wiki.teamfortress.com/w/images/b/bc/Backpack_Force-A-Nature.png', 'Неумолимая сила', 'Неумолимая сила — это разблокируемое основное оружие для разведчика. Представляет собой большой двуствольный обрез, с сильно укороченными стволами, изготовленный из охотничьего ружья. Оригинальное название оружия (англ.: Force-A-Nature) происходит из фразы разведчика, сказанной им о самом себе в ролике Знакомьтесь, Разведчик.\r\n\r\nПо сравнению со стандартным обрезом, Неумолимая сила обладает гораздо меньшей обоймой, вмещающей в себя только два патрона, однако оружие наделено большей скоростью атаки. Также противник подвергается эффекту отдачи, который напрямую зависит от расстояния между разведчиком и целью (на больших расстояниях эффект не действует). Если разведчик стреляет из Неумолимой силы, находясь в воздухе, его отбросит в противоположную от направления выстрела сторону, благодаря чему он сможет совершить «тройной прыжок». Отдача действует только при первом выстреле в воздухе; с момента первого выстрела игроку необходимо подождать 1,5 секунды, после чего отдача начнет действовать для второго выстрела.\r\n\r\nТакже Неумолимая сила имеет повышенный урон, как и обрез (175% против 150%). В целом, она наносит больше урона, чем обрез (0,9x урона дроби на 1,2x количество дроби при выстреле составляет 1,08 от обычного урона). Однако это компенсируется за счет постоянной перезарядки оружия. При перезарядке всегда будет считываться по 2 патрона из запаса, несмотря на то, что может остаться один неиспользованный в обойме.\r\n\r\nКак и прочее огнестрельное оружие, при первом выстреле хотя бы одна дробинка летит точно в цель, после этого начинает действовать эффект «разброса при стрельбе». Когда на сервере отключен эффект разброса, все дробинки будут попадать в небольшой радиус вокруг прицела.', 7),
(3, '', 'https://wiki.teamfortress.com/w/images/c/cd/Backpack_Shortstop.png', 'Прерыватель', 'Прерыватель — это созданное сообществом основное оружие для разведчика. Представляет собой четырехствольный дерринджер с жемчужной рукояткой, модифицированной в пепербокс и заряженной патронами для дробовика.\r\n\r\nВ отличие от другого основного оружия разведчика, Прерыватель, подобно пистолету, обладает высокой скоростью стрельбы и перезаряжает всю обойму одновременно. Его скорость стрельбы примерно на 40% быстрее обреза, при этом в его обойме содержится только четыре патрона, а не шесть. Каждый выстрел содержит на 60% меньше пуль, чем выстрел из обреза, но каждая пуля наносит удвоенный урон, что в итоге снижает общий урон Прерывателя всего на 20%.\r\n\r\nВ отличие от другого основного оружия разведчика, такого как обрез или Неумолимая сила, Прерыватель не наносит повышенного урона противнику, но обладает пониженным разбросом при стрельбе (примерно на 40% меньше в диаметре), что позволяет эффективнее использовать его на средней и дальней дистанции.\r\n\r\nКогда игрок держит оружие в руках, сила, с которой враги будут отталкивать игрока будет увеличена на 20%. Кроме того, с помощью дополнительной атаки (клавиша по умолчанию: MOUSE2) игрок может оттолкнуть противника на такое же расстояние, как при отталкивании сжатым воздухом, при этом противнику будет нанесена одна единица урона после короткого промежутка времени. Следующее отталкивание игрок сможет совершить спустя 1,5 секунды после предыдущего отталкивания, причем игроку не удастся совершить отталкивание при перезарядке или с другим оружием в руках.\r\n\r\nТакже как и у стандартного дробовика и обреза, при первом выстреле хотя бы одна дробинка летит точно в цель, после этого начинает действовать эффект «разброса при стрельбе». Когда на сервере отключен эффект разброса, все дробинки будут попадать в небольшой радиус вокруг прицела.', 7),
(4, '', 'https://wiki.teamfortress.com/w/images/8/86/Backpack_Soda_Popper.png', 'Газировщик', 'Газировщик — это созданное сообществом основное оружие для разведчика. Представляет собой сломанную Неумолимую силу, которую наспех починили с помощью черной изоленты, по бокам, на стволах, симметрично сделали засечки, снизу примотали банку Критоколы, а также восстановили приклад.\r\n\r\nКак и у Неумолимой силы, при перезарядке Газировщика заменяются сразу оба патрона, даже если один из них не был использован, однако Газировщик вмещает всего только два патрона вместо четырех. Это оружие перезаряжается на 25% быстрее и на 50% скорострельнее стандартного обреза. Перезарядка Газировщика выбросит все гильзы, которые еще остались в обойме.\r\n\r\nПри использовании Газировщика на дисплее игрока появляется шкала, которая заполняется по мере нанесения урона противникам с помощью любого оружия. Для полного накопления заряда игроку необходимо нанести 350 единиц урона, что равносильно четырем попаданиям в упор из Газировщика, 16 попаданиям из пистолета с близкого расстояния или 10 попаданиям битой.', 7),
(5, '', 'https://wiki.teamfortress.com/w/images/7/77/Backpack_Baby_Face%27s_Blaster.png', 'Обрез Малыша', 'Обрез Малыша — это созданное сообществом основное оружие для разведчика. Представляет собой короткий, немного переделанный рычажный дробовик с деревянной ручкой и одним стволом.\r\n\r\nПо сравнению со стандартным обрезом, в обойму Обреза Малыша вмещается только четыре патрона, а также при ношении этого оружия базовая скорость разведчика снизится с 400 Hammer-единиц/сек., что равно 133% от обычной скорости, до 360 Hammer-единиц/сек., что равно 120% от нормальной скорости. Каждое попадание любым оружием будет увеличивать заряд ускорения (минимальное количество увеличения равно 5%). При полном заряде скорость разведчика увеличится с 360 до 520 Hammer-единиц/сек., что равно 173% от обычной скорости. Для полного заполнения заряда достаточно нанести 100 ед. урона любым оружием. Если разведчик совершит двойной прыжок или получит урон от противников, то заряд шкалы уменьшится, на 4% за единицу урона (25 ед. урона полностью обнулят заряд) и на 75% при прыжке, тем самым снизив скорость разведчика. Заряд не уменьшится, если игрок спрыгнет с поверхности. Также как и другое оружие с эффектами при попадании, стрельба в неуязвимого врага увеличит заряд ускорения, а стрельба в замаскированных шпионов – нет.\r\n\r\nОбрез Малыша был представлен в Мастерской Steam под названием «The Brawler\'s Blaster».', 7),
(6, '', 'https://wiki.teamfortress.com/w/images/6/6e/Backpack_Back_Scatter.png', 'Спинобрез', 'Спинобрез — это созданное сообществом основное оружие для разведчика. Представляет собой короткий, слегка модифицированный одноствольный дробовик рычажного действия с деревянной ручкой и двумя небольшими барабанными магазинами.\r\n\r\nСпинобрез наносит мини-криты при атаке со спины, на расстоянии до 500 Hammer-единиц, (примерно 31 футов или 9,5 метров). В обойме Спинобреза содержится на 34% меньше патронов (4 выстрела до перезарядки), точность оружия ниже на 20% и оно не наносит случайных критов.\r\n\r\nСпинобрез был представлен в Мастерской Steam под названием «The 3lb Trigger».', 7),
(7, '', 'https://wiki.teamfortress.com/w/images/f/f0/Backpack_Pistol.png', 'Пистолет', 'Пистолет — это стандартное дополнительное оружие для разведчика и инженера. Представляет собой обычный автоматический пистолет с магазинной перезарядкой.\r\n\r\nПистолет обладает гораздо большей точностью, чем обрез или дробовик, что делает его незаменимым на средней и дальней дистанциях, или в случае, когда у основного оружия закончились патроны. Помимо этого точность стрельбы помогает быстрее уничтожать бомбы-липучки, а также обстреливать вражеские турели, находясь вне их зоны поражения.\r\n\r\nОднако урон пистолета заметно падает с увеличением расстояния до цели. Учитывая тот факт, что пистолет не наносит много повреждений за одно попадание, многие игроки предпочитают не использовать его. Но из-за высокой скорости стрельбы и перезарядки это оружие может быть крайне опасным в руках опытного игрока. В частности, разведчик перезаряжает пистолет немного быстрее, чем инженер, в то время как у второго в запасе больше патронов, в связи с чем инженер вряд ли столкнется с тем, что у него вовсе закончатся боеприпасы.\r\n\r\nТакже как у револьвера и ППМ, первый выстрел из пистолета будет абсолютно точным, после чего начнет действовать эффект разброса при стрельбе. Для того, чтобы произвести еще один точный выстрел, игроку придется выждать как минимум 1,25 секунды с момента последнего выстрела.', 7),
(8, '', 'https://wiki.teamfortress.com/w/images/7/75/Backpack_Lugermorph.png', 'Люгерморф', 'Люгерморф — это поощрительное дополнительное оружие для разведчика и инженера. Это оружие используется Максом — «гиперкинетическим, кроликоподобным созданием» из серии игр «Sam & Max».\r\n\r\nФункции Люгерморфа абсолютно идентичны Пистолету, исключая измененную модель.\r\n\r\nЛюгерморф с качеством старой закалки получили все игроки, сделавшие предзаказ игры Sam & Max: The Devil\'s Playhouse или купившие ее в течение недели после выхода.\r\n\r\nКроме того, этот пистолет уникального качества можно получить, выиграв у Макса в игре Poker Night at the Inventory, когда он поставит на кон свой пистолет, а также Лицензию на увечья, вместо денег. В данный момент Люгерморф возможно получить если у вас или члена семейной библиотеки есть Poker Night. 23-го мая 2019 года игра была убрана из цифрового магазина Steam.\r\n\r\nИконка убийства Люгерморфом создана игроком NeoDement.', 7),
(9, '', 'https://wiki.teamfortress.com/w/images/c/ce/Backpack_C.A.P.P.E.R.png', 'З.А.Х.В.А.Т.Ч.И.К.', 'З.А.Х.В.А.Т.Ч.И.К. — это созданное сообществом дополнительное оружие для разведчика и инженера. Представляет собой немного изношенный световой пистолет с плавниками цвета команды и основанием цвета команды (оранжевого цвета для Красной и голубого для Синей команды). Из ствола торчит антенна, а вдоль оружия проводится серебряная проволока, идущая к задней части с небольшим ракетным выхлопом.\r\n\r\nВраги, убитые из этого пистолета, погибают необычной смертью: они сгорают, превращаясь в оранжевую или голубую (в зависимости от команды) тлеющую золу, которая быстро исчезает.\r\n\r\nСнаряды оружия имеют уникальные стиль и частицы эффектов, которые выглядят как лазерные пули цвета команды, а также имеет уникальный звук выстрела, соответствующий тематике оружия.\r\n\r\nХарактеристики оружия идентичны характеристикам пистолета.\r\n\r\nЗ.А.Х.В.А.Т.Ч.И.К. был представлен в Мастерской Steam.', 7),
(10, '', 'https://wiki.teamfortress.com/w/images/5/5b/Backpack_Winger.png', 'Окрыленный', 'Окрыленный — это созданное сообществом дополнительное оружие для разведчика. Представляет собой пистолет со вставкой в виде символа радиации, напечатанным на его рукоятке, и парой желтых крыльев, изображенных на затворе над магазином.\r\n\r\nПистолет наносит на 15% больше урона, чем обычный пистолет, но размер обоймы ограничен пятью патронами. Когда пистолет экипирован, высота прыжка увеличивается на 25%, что позволяет разведчику избегать урона и забираться на недоступные места гораздо легче.', 7),
(11, '', 'https://wiki.teamfortress.com/w/images/8/8d/Backpack_Pretty_Boy%27s_Pocket_Pistol.png', 'Дамский пистолет Красавчика', 'Дамский пистолет Красавчика — это созданное сообществом дополнительное оружие для разведчика. Представляет собой черный пистолет с коротким стволом и светлой деревянной рукоятью.\r\n\r\nКогда выбран Дамский пистолет Красавчика, игрок будет восстанавливать 3 единицы здоровья при попадании по противнику, в зависимости от нанесенного врагу урона, также оружие стреляет на 15% быстрее обычного пистолета. Однако, размер обоймы меньше на 25% и составляет 9 выстрелов за обойму, по сравнению с 12 выстрелами стандартного пистолета.\r\n\r\nДамский пистолет Красавчика был представлен в Мастерской Steam под названием «Pick-Pocket\'s Pocket Pistol».', 7),
(12, '', 'https://wiki.teamfortress.com/w/images/a/a1/Backpack_Flying_Guillotine.png', 'Летающая гильотина', 'Летающая гильотина — это созданное сообществом поощрительное дополнительное оружие для разведчика. Представляет собой тесак для разделки мяса с двумя китайскими символами 死肉 (sǐròu), выгравированными на лезвии около ручки.\r\n\r\nДействуя не по принципу пистолета, Летающая гильотина — это метательное, уникальное оружие дальнего боя, летящее по дуге, аналогично Зломолоку. Оружие можно бросить любой из кнопок огня и оно наносит урон при попадании, а затем периодический урон от кровотечения (не действует на постройки или при попадании в окружающий мир). Восстановление после броска длится 6 секунд. Время перезарядки может быть уменьшено на 1,5 секунду, если игрок попадает в противника с дальнего расстояния. В отличие от мячиков Дрёмы и Оберточного убийцы, оружие нельзя подобрать с земли, чтобы мгновенно восстановить его. Однако как и большинство снарядов, тесак может быть отражен сжатым воздухом поджигателя.\r\n\r\nСледует отметить, что Летающая гильотина имеет максимальный радиус действия; при попадании во врага с довольно большого расстояния тесак не вонзится в него, а вместо этого просто упадет на землю.\r\n\r\nЛетающая гильотина имеет два стиля: «Жаждущий» и «Кровожаждущий». Стиль «Кровожаждущий» добавляет кровавые пятна на лезвии.\r\n\r\nЭтот предмет высшей пробы получили игроки, оформившие предварительный заказ игры Sleeping Dogs в Steam до 14 августа 2012 года (или до 17 августа 2012 года в Европе).\r\n\r\nЛетающая гильотина была позже представлена в Мастерской Steam по просьбе Valve.', 7),
(13, '', 'https://wiki.teamfortress.com/w/images/5/55/Backpack_Bonk%21_Atomic_Punch.png', 'Бонк! Атомный залп', 'Бонк! Атомный залп — это разблокируемое дополнительное оружие для разведчика. Представляет собой банку энергетического напитка с этикеткой цвета команды; Красная версия напитка содержит в своем составе «Радиоактивную вишню», в то время как Синяя версия содержит «Облученные ягоды».\r\n\r\nПосле употребления напитка, разведчик становится неуязвимым для любого вида урона на 8 секунд. При этом игрок перемещается в вид от третьего лица, что позволяет эффективнее уклоняться от врагов и преодолевать препятствия, а также за ним остается размытый след, однако в этом режиме нельзя пользоваться оружием. Когда противник попадает по разведчику, находящемуся под эффектом от этого напитка, из любого оружия, над головой разведчика появится надпись «Miss!» (Промах!), а сам разведчик отреагирует на это одной из специальных фраз. Бонк! нельзя использовать, неся вражеские разведданные, а также нельзя захватывать контрольные точки, толкать вагонетку и подобрать вражеские разведданные, находясь под действием напитка. Игрок обладает неограниченным запасом напитка, но сможет снова использовать банку только после истечения периода на ее восстановление (он отображается на дисплее игрока). Все эффекты напитка можно снять, если подойти к шкафчику снабжения.\r\n\r\nИгрок под эффектом напитка неуязвим практически ко всем видам урона, включая прямой урон, остаточный, урон по самому себе и урон от падения. Во время действия напитка игрок также неуязвим к урону от догорания и кровотечения, до тех пор, пока действие напитка не закончится. Однако игрок всё еще будет уязвим к отталкиваниям, урону от окружения и телефрагам.\r\n\r\nПосле окончания эффекта игрок получит 5-секундное замедление, основанное на количестве урона, который он получил будучи неуязвимым. Замедление варьируется от 25% после поглощения малого количества урона до 50% после поглощения 200+ урона. Обрез Малыша никак не влияет на эффект замедления.\r\n\r\nПитье напитка осуществляется путем выполнения насмешки, поэтому Бонк! нельзя использовать в тех случаях, когда игрок не может выполнить насмешку (например, под водой). Если разведчика во время питья подбросят в воздух, то процесс питья прервется, но несмотря на это игроку придется ждать восстановления напитка.\r\n\r\nПока действует напиток, игрок все еще может применять насмешки, что позволяет убить противника при помощи насмешки Home Run.\r\n\r\nБонк! Атомный залп выдается за выполнение 22 достижений разведчика.', 7),
(14, '', 'https://wiki.teamfortress.com/w/images/0/07/Backpack_Crit-a-Cola.png', 'Критокола', 'Критокола, полное название Бонк! Критокола — это дополнительное оружие для разведчика. Представляет собой сиреневую банку газировки, изготовленную компанией Бонк!, и носящую подзаголовок «Мужественность гарантирована!».\r\n\r\nДает возможность наносить мини-криты на 8 секунд с любым оружием. При атаке игрок получает весь урон мини-критами, который сохраняется в течение 5 секунд, когда это происходит, над головой игрока появляется маленький череп с костями белого цвета, а также иконка черепа на дисплее игрока.', 7),
(15, '', 'https://wiki.teamfortress.com/w/images/0/0e/Backpack_Mad_Milk.png', 'Зломолоко', 'Зломолоко — это созданное сообществом дополнительное оружие для разведчика. Представляет собой среднего размера банку, наполненную подозрительной жидкостью белого цвета, не закрытая крышкой. Жидкость внутри плещется при движении игрока.\r\n\r\nРаботая по принципу Банкате, в отличие от предыдущих напитков разведчика, Зломолоко является «снарядом». С облитого игрока будут падать капли белого цвета, в его дисплее игрока, рядом с уровнем здоровья появится капля белого цвета. Существует возможность осуществить «критический» бросок молока цвета команды, но никакого дополнительного эффекта при этом не последует.\r\n\r\nВ период действия эффекта, длящегося 10 секунд, 60% от всего урона, нанесенного противнику, будет возвращено в виде очков здоровья любому члену команды, нанесшему повреждения облитому молоком врагу. Однако это не относится к инженеру, чья турель обстреливает такого противника, а также к урону от догорания. От Зломолока нельзя получить эффект сверхлечения.\r\n\r\nПри помощи Зломолока можно тушить огонь на себе и союзниках, а также разоблачать шпионов. Однако, в отличие от Банкате, жидкость не разоблачит невидимого шпиона; облитые невидимые шпионы останутся невидимыми, их маскировка или цвет команды, к которой они принадлежат, не будут рассекречены, однако с них по-прежнему будут падать капли, которые позволят их найти.\r\n\r\nПомимо смерти, эффект Зломолока можно убрать, прыгнув в воду, подойдя к шкафчику снабжения или исцелившись в течение некоторого времени.\r\n\r\nПри тушении товарища по команде, время восстановления Зломолока будет уменьшено на 20% (то есть, время восстановления будет равно 16 секундам, вместо прежних 20 секунд).\r\n\r\nПоскольку Зломолоко является «снарядом», вражеский поджигатель сможет отразить его сжатым воздухом, а вражеский разведчик может перенаправить Зломолоко своим бейсбольным мячиком.\r\n\r\nВ режиме Цветовой слепоты, иконка белой капли будет показана поверх всех игроков, которые были облиты данным оружием.', 7),
(16, '', 'https://wiki.teamfortress.com/w/images/b/b8/Backpack_Mutated_Milk.png', 'Мутировавшее молоко', 'Мутировавшее молоко — это дополнительное оружие для разведчика. Представляет собой банку с «молоком» и мутировавшим хлебным монстром. Аналогично Родинке с самосознанием, если попасть Мутировавшим молоком точно по противнику, то хлебный монстр вцепится в голову и начнёт кусать ее (это не наносит урона и является лишь визуальным эффектом).\r\n\r\nКогда Мутировавшее молоко усиленно критами, хлебный монстр значительно увеличивается в размере.\r\n\r\nПри тушении товарища по команде, время восстановления Зломолока будет уменьшено на 20% (то есть, время восстановления будет равно 16 секундам, вместо 20 секунд при обычном броске).\r\n\r\nХарактеристики этого оружия идентичны характеристикам Зломолока.', 7),
(17, '', 'https://wiki.teamfortress.com/w/images/d/d1/Backpack_Bat.png', 'Бита', 'Бита — это стандартное оружие ближнего боя для разведчика. Представляет собой алюминиевую бейсбольную биту с обмотанной изолентой ручкой, выцветшей овальной этикеткой и большой вмятиной на боку.\r\n\r\nБита наносит меньше повреждений за удар, чем любое другое стандартное оружие ближнего боя, но имеет скорость атаки на 37,5% больше. Она наносит одну треть от урона обреза на ближней дистанции, поэтому игроки могут использовать ее для добивания врагов в случае, если у них закончились патроны или просто для дополнительного унижения противника. Во время нанесения критического удара разведчик бьет противника обратной стороной биты.', 7),
(18, '', 'https://wiki.teamfortress.com/w/images/4/42/Backpack_Holy_Mackerel.png', 'Поддай леща', 'Поддай леща — это созданное сообществом оружие ближнего боя для разведчика. Это рыба, предположительно макрель, завернутая в выцветшую газету и перевязанная резинкой. Конец газеты имеет форму для удобства пользования. Праздничная версия заменяет газету подарочной упаковкой, и включает в себя пять маленьких огней командного цвета вокруг ручки, а также одну большую во рту рыбы. Версия с украшениями похожа на стандартную, с девятью маленькими праздничными огнями цвета команды, обернутыми вокруг нее с батарейным блоком, заряжающим огни. При движении, Поддай леща будет наклоняться, в зависимости от вашего направления.\r\n\r\nХотя оружие не имеет заметных атрибутов отличимых от биты, удар рыбой считается настолько оскорбительным, что каждое попадание по врагу будет отображено на дисплее игрока с точным количеством ударов. Если враг будет убит этим оружием, то между иконкой убийства и его именем будет надпись «УБИЙСТВО РЫБОЙ!».\r\n\r\nНадпись не появляется при ударе по постройкам инженера, Пешему всаднику без головы или по чужому замаскированному шпиону.', 7),
(19, '', 'https://wiki.teamfortress.com/w/images/4/49/Backpack_Unarmed_Combat.png', 'Голая рука', 'Голая рука — это созданное сообществом оружие ближнего боя для разведчика. Представляет собой оторванную правую руку шпиона командного цвета в рваной перчатке, с костью в качестве ручки.\r\n\r\nПо свойствам оружие не отличается от Поддай леща. Тем не менее, при убийстве будет написана фраза «ГОЛОЙ РУКОЙ!» вместо «УБИЙСТВО РЫБОЙ!», а также Голая рука не входит в набор предметов «Особая доставка».\r\n\r\nГолая рука была представлена в Мастерской Steam.', 7),
(20, '', 'https://wiki.teamfortress.com/w/images/f/f5/Backpack_Batsaber.png', 'Световая бита', 'Световая бита — это созданное сообществом оружие ближнего боя для разведчика. Представляет собой металлическую трубку с резиновой рукоятью, которая создаёт луч света цвета команды, формой и размером напоминающий обычную биту. При атаке оружием оно издаёт электрические звуки.\r\n\r\nВраги, убитые Световой битой, погибают необычной смертью: они чернеют, зависают в воздухе с анимацией расщепления, окружённой частицами цвета команды, и затем обращаются в пепел. Подобно смертям от удара в спину или выстрела в голову, есть 25% шанс, что после убийства противника может воспроизвестись специальная анимация расщепления его трупа, подобную той, что была у Линчевателя Скота 5000, если её убить таким образом.\r\n\r\nХарактеристики оружия идентичны характеристикам биты.\r\n\r\nЭто оружие может быть осмотрено в игре при нажатии соответствующей клавиши (по умолчанию: F).\r\n\r\nСветовая бита была представлена в Мастерской Steam.', 7),
(21, '', '../картинки/дрёма.png', 'Дрёма', 'Дрёма — это разблокируемое оружие ближнего боя для разведчика. Представляет собой деревянную биту с гладкой поверхностью и логотипом «The Sandman», выгравированном на ней. Треснувший конец биты замотан изолентой. К бите прилагается бейсбольный мячик, которым играют во «Всеобщей бейсбольной лиге», сам мячик сделан в компании «Ball Fortress».\r\n\r\nВ дополнение к скорости атаки и урону обычной биты, нажатие на кнопку альтернативной атаки (клавиша по умолчанию: MOUSE2) позволяет разведчику запустить бейсбольный мяч в сторону противника. Точное попадание замедлит цель, а также нанесёт ей урон, при условии, что она находится на достаточном расстоянии. Во время замедления врага, его скорость бега будет ограничена до 225,88 H-единиц в секунду, независимо от класса. Продолжительность замедления зависит от того, как долго мяч находился в воздухе; чем больше время полета мяча, тем дольше враг будет замедляться, время замедления варьируется от 1 до 7 секунд. Если враг поражен бейсбольным мячом, который летел достаточно долго, будет воспроизведен восторженный гул невидимой толпы, восхищенной произведённым ударом, и будет замедляться на максимальную продолжительность. Если разведчик запускает мяч на минимальное расстояние, мяч ударит и нанесет незначительный урон, но отскочит от противника без какого-либо эффекта. Разведчик также оснащён только одним бейсбольным мячом, который будет перезаряжаться после 10-секундного интервала, указанного в панели перезарядки на HUD. Несмотря на то, что это снаряд, бейсбольный мяч считается оружием ближнего боя, что означает, что он использует более высокий критический шанс и нанесет двойной урон пулемётчикам, у которых экипированы Стальные кулаки.\r\n\r\nБейсбольные мячики можно подбирать с земли, независимо от того, кем был запущен этот мячик, а также можно взять новый у шкафчика снабжения. Однако мячики не считаются боеприпасами, поэтому невозможно получить новый при поднятии выброшенного оружия или коробки с боеприпасами. Мячик, не попавший по врагу, упадет на землю и исчезнет после 10 секунд, что является точным временем, которое необходимо разведчику на получение нового. После оглушения противника, мячик исчезнет гораздо быстрее (через три секунды), но его по-прежнему можно использовать, если поднять его в отведенное время. Как снаряд, мяч будет двигаться по дуге к земле, и может быть отражён вражеским поджигателем. Мяч также может ударить и отскочить от вражеских гранат, Банкате, Зломолока и даже от бейсбольных мячей вражеских разведчиков.\r\n\r\nРазведчики, экипировавшие Дрёму, потеряют 15 максимальных очков здоровья, снизив свое базовое здоровье до 110. Таким образом, оружие подходит для тактики поддержки, поскольку оно подвергает игрока большему риску смерти во время боя.\r\n\r\nНасмешка с Дрёмой является убийственной и называется Home Run.\r\n\r\nДрёма выдается игроку за выполнение 16 достижений разведчика.', 7),
(22, '', '../картинки/конфета.png', 'Карамельная трость', 'Карамельная трость — это оружие ближнего боя для разведчика. Представляет собой большую белую и командного цвета карамельную трость с лентой того же цвета, закрученной вокруг трости в двух-петельную дугу.\r\n\r\nКарамельная трость имеет те же основные параметры, что и стандартная бита, но когда она экипирована, из убитых любым оружием врагов будут выпадать маленькие аптечки. Аптечки также выпадают за помощь в убийстве и за любое убийство, засчитывающееся как «добивание», но не выпадают из ложных смертей. Карамельная трость делает разведчика на 25% более уязвимым к урону от взрывов, в частности, от ракет, гранат, бомб-липучек, Аллапульского бревна, и убийственной насмешки Солдата Камикадзе.\r\n\r\nИконка убийства Карамельной тростью создана пользователем Psyke.', 7),
(23, '', '../картинки/раздолбай.png', 'Бостонский раздолбай', 'Бостонский раздолбай — это созданное сообществом оружие ближнего боя для разведчика. Представляет собой окровавленную дубинку, покрытую шипами и металлическими кольцами.\r\n\r\nЭто оружие вызывает пятисекундное кровотечение у противника при попадании по нему. Промах же, в свою очередь, нанесет урон и вызовет кровотечение у владельца биты. Поэтому при атаке с близкого расстояния требуется тщательная точность, особенно с учетом дополнительного риска, связанного со скоростью передвижения разведчика. Бостонский раздолбай наносит меньше урона по себе по сравнению с уроном по противникам, нанося 58 урона себе и 78 урона по противникам.\r\n\r\nРазведчик не получит урона, если ударит по твердому объекту (стена, пол и т.д.). Если ударить по соратнику по команде, урон также не будет нанесен. При промахе, совпавшем с нанесением критического удара, звуковой эффект крита будет воспроизведен, но урон, получаемый разведчиком, будет равен урону от обычного удара. Если ударить этим оружием, находясь в воздухе, то вас немного откинет, что можно использовать, как усиление прыжка, ценой потери некоторого количества здоровья. Во время действия убер-заряда медика, промах не нанесет никакого урона.\r\n\r\nНесмотря на свою основную цель нанесения урона, Бостонский раздолбай также может служить средством быстрой зарядки убер-заряда медика, и если правильно рассчитать время, то это может позволить разведчику совершить третий или четвертый прыжок. Эти дополнительные прыжки могут помочь разведчику достичь более высоких или более отдаленных областей или уступов, организовать засады и сделать побег обычно невозможным без использования Неумолимой силы и эффекта отбрасывания, который он обеспечивает.\r\n\r\nИзначально Бостонский раздолбай был заменой модели Дрёмы в любительском обновлении «Модный против Подлого», до того, как был добавлен в игру.', 7),
(24, '', '../картинки/ведь.png', 'Трехрунный меч', 'Трехрунный меч — это поощрительное оружие ближнего боя для разведчика. Представляет собой богато украшенный серебряный меч с коричневой рукояткой и металлическим набалдашником на ней в виде волчьей головы.\r\n\r\nПо характеристикам Трехрунный меч не отличается от Бостонского раздолбая.\r\n\r\nТрехрунный меч высшей пробы получили игроки, сделавшие предварительный заказ игры Ведьмак 2. Убийца королей в Steam до 17 мая 2011.', 7),
(25, '', '../картинка/палка.png', 'Солнце на палочке', 'Солнце на палочке — это поощрительное оружие ближнего боя для разведчика. Представляет собой витиеватую смоляную булаву с оранжевыми прожилками, увенчанную светящимся огненным шаром и черными шипами.\r\n\r\nЭто оружие наносит на 25% меньше урона, чем стандартная бита, но гарантирует критическое попадание в любое время, когда игрок ударяет им горящего врага, что делает это оружие эффективным в сочетании с догоранием от огнеметов, ракетниц и Заостренного осколка вулкана поджигателя, горящими стрелами Охотника снайпера, заряженными выстрелами Линчевателя скота 5000 солдата или кольцом пламени Огненного дракона пулеметчика. Вдобавок, это оружие уменьшает получаемый урон от огня на 25%.\r\n\r\nСолнце на палочке высшей пробы получили игроки, которые оформили предварительный заказ игры RIFT в Steam до 1 марта 2011.', 7),
(26, '', '../картинка/война.png', 'Веер войны', 'Веер войны — это созданное сообществом поощрительное оружие ближнего боя для разведчика. Представляет собой большой металлический японский боевой веер гунбай.\r\n\r\nУдар по врагу Веером войны установит на нем «Метку смерти», в результате чего над головой жертвы появится иконка с черепом и костями. Будучи помеченным, жертва услышит характерный звук, а также сможет увидеть иконку черепа с костями в дисплее. После этого в течение 15 секунд любой урон по отмеченному врагу будет мини-критом. Одновременно Метка смерти может быть наложена только на одного игрока. Если ударить другого, то отметка на первом снимется и перенесется на второго.\r\n\r\nОружие наносит на 75% меньше урона, чем бита, что делает его неэффективным для уничтожения врагов. Однако особенностью этого оружия является то, что если вы продолжите бить игрока, после установления на нём метки смерти, каждый ваш удар будет не мини-критическим, а критическим.\r\n\r\nВеер войны высшей пробы получили игроки, оформившие предварительный заказ игры Total War: SHOGUN 2 в Steam до 15 марта 2011 года.', 7),
(27, '', '../картинка/бонк.png', 'Расщепитель', 'Расщепитель — это созданное сообществом оружие ближнего боя для разведчика. Представляет собой алюминиевую биту с черной ребристой рукояткой и логотипом Бонк! между полосами цвета команды.\r\n\r\nРасщепитель дает владельцу возможность совершить тройной прыжок. При выполнении тройного прыжка с активным Расщепителем, облачко от прыжка разведчика будет фиолетового цвета, в отличие от обычного белого облачка. Также атаки этим оружием в воздухе будут мини-критическими. Из недостатков достаётся на 50% медленнее и наносит на 15% меньше урона. Несмотря на это, Расщепитель наносит стандартный урон по объектам, не являющимися игроками, таким как постройки.\r\n\r\nНасмешка Расщепителя идентична насмешке разведчика Home Run.', 7),
(28, '', '../картинка/обёртка.png', 'Обёрточный убийца', 'Оберточный убийца — это созданное сообществом оружие ближнего боя для разведчика. Представляет собой оборванный рулон обёрточной бумаги, окрашенной в цвета команды. Вместе с ней идет ёлочный шарик, тоже окрашенный в цвета команды.\r\n\r\nКак и Дрёма, это оружие позволяет игроку запустить шарик как снаряд кнопкой альтернативного огня (клавиша по умолчанию: MOUSE2). По сравнению с Дрёмой, снаряды Обёрточного убийцы имеют скорость перезарядки на 25% быстрее, что позволяет игроку запускать шарик чаще, но само оружие наносит только 35% урона обычной биты, что делает его неэффективным для ближнего боя.\r\n\r\nПри столкновении с врагом шарик разобьётся на стеклянные осколки и снежинки, нанося начальный урон и вызывая кровотечение на некоторое время. Если вместе сложить эти характеристики, то при прямом попадании снаряд наносит в общей сложности 59-79 урона, включая урон от кровотечения. Начальный урон при столкновении является полностью случайным и не зависит от критических ударов. Шарик также разбивается о поверхности и игроков, нанося очень незначительный урон (4-13 урона) игрокам, которые находятся в пределах небольшого радиуса её разрушающего эффекта; это не вызывает кровотечения, но может задеть игрока, если он находится достаточно близко. Если шарик попадёт в цель на предельно большом расстоянии (~1408 H-ед), жертва получит гарантированное критическое повреждение, а игрок услышит звук ликующей толпы. Ёлочный шарик разбивается обо все поверхности, а также после заданного времени полёта. Бейсбольные мячи Дрёмы можно поднять с земли, чтобы зарядить счётчик мяча. Как снаряд, шарик будет двигаться по дуге к земле, и может быть отражён вражеским поджигателем. Шарик также может попасть по вражеской гранате, Банкате, Зломолоку и даже бейсбольному мячу вражеских разведчиков.\r\n\r\nСкрытый атрибут приводит к тому, что шары Обёрточного убийцы имеют значительно меньшее максимальное расстояние полёта по сравнению с бейсбольными мячами Дрёмы, из-за различий в массе и размере шаров, что даёт им уникальную физику снаряда. Это также влияет на скорость и дугу перемещения шара, хотя это значительно только на больших расстояниях.\r\n\r\nОбёрточный убийца был представлен в Мастерскую Steam под названием «Ball Buster».', 7),
(29, '', '../картинки/ракетомёт.png', 'Ракетомёт', 'Ракетомёт — это стандартное основное оружие солдата. Представляет собой типичный реактивный гранатомет с широким раструбом и металлической панелью сбоку.\r\n\r\nРакетомёт вмещает четыре ракеты, и запускает их со скоростью в 1100 Hammer-единиц в секунду (около 75 км/ч), начиная с правой стороны прицела и перемещаясь к центру. Траектория движения ракеты не подвержена гравитации; снаряд будет лететь по прямой до тех пор, пока не взорвётся при контакте с поверхностью или противником. Ракеты наносят фиксированный урон в радиусе взрыва, который снижается с увеличением расстояния от его центра. Урон обычной ракеты сильно снижается с увеличением дальности полёта до цели, однако это не относится к критическим ракетам. Убитых ракетомётом игроков обычно разрывает на части.\r\n\r\nВзрыв ракеты подбрасывает противников в воздух, позволяя опытному игроку «жонглировать» ими. При этом, приземлившись, жертва может получить урон от падения. Также игрок может использовать эффект отбрасывания на себе и совершить прыжок на ракете, выстрелив себе под ноги одновременно с прыжком. Приседание в воздухе во время исполнения прыжка на ракете позволит увеличить его дальность и высоту, а также наносит уменьшенный урон игроку. Этот метод можно использовать для достижения мест, недоступных прочим классам, чтобы дать преимущество на полях сражений, так вы сможете наносить урон по врагам и убивать их, что облегчает борьбу с вражеским солдатом, так как они, как правило, должны полагаться на прямые попадания.', 8),
(30, '', '../картинки/ракетомёт2.png', 'Прародитель', 'Прародитель — это поощрительное основное оружие для солдата. Прародитель создан на основе оружия из игры Quake и представляет собой громоздкий ракетомёт цвета хаки с металлическим раструбом, серой рукоятью и характерным массивным дульным тормозом.\r\n\r\nЭто оружие работает идентично ракетомёту, но с одним небольшим отличием: так же, как и в Quake, модель ракетомёта находится внизу экрана в центре, и выпускаемые из неё ракеты появляются из середины экрана. При виде от третьего лица, солдат держит Прародитель на правом плече, как и все свои ракетомёты. Вместе с моделью оружия из Quake также были сохранены и звуки ракетомёта, а именно: звуки смены оружия на Прародитель, стрельбы и взрыва ракет.\r\n\r\nЭтот предмет высшей пробы получили игроки, которые купили Quake 4 в Steam до 21:00 (МСК), 8 августа 2011 года. Он также был выдан всем игрокам в уникальном качестве, которые приобрели Quakecon Bundle до 21.00 (МСК), 6 августа 2012 года.', 8),
(31, '', '../картинки/прямое.png', 'Прямое попадание', 'Прямое попадание — это разблокируемое основное оружие для солдата. Представляет собой высокотехнологичный ракетомет с укороченным стволом, уменьшенным раструбом и декоративным прицелом с левой стороны. На прицеле присутствует логотип Манн Ко.\r\n\r\nВ отличие от стандартного ракетомета, ракеты, выпущенные из Прямого попадания, летят со скоростью 1980 Hammer-единиц в секунду (около 135 км/ч), что на 80% быстрее стандартной ракеты. Кроме того, ракеты наносят противникам на 25% больше урона. Вдобавок ко всему вышеперечисленному, ракеты Прямого попадания наносят мини-критический урон по целям, подброшенным в воздух взрывом, сжатым воздухом или Абордажным крюком, что приводит к получению врагом дополнительного урона, который не уменьшится с расстоянием.\r\n\r\nРадиус поражения ракет Прямого попадания снижен до 30%, что вынуждает игроков наносить по врагам «прямые попадания», чтобы они получали максимальный урон. Радиус взрыва ракеты составляет всего 44 Hammer-единицы, что равно радиусу рабочего телепорта. Это ограничение, как и увеличение урона, распространяется только на врагов, поэтому солдат может совершать прыжок на ракете, так как при этом радиус взрыва будет равен радиусу взрыва обычной ракеты.\r\n\r\nПрямое попадание выдается за выполнение 11 достижений солдата.', 8),
(32, '', '../картинки/гейбокс.png', 'Черная коробка', 'Черный ящик — это созданное сообществом основное оружие для солдата. Представляет собой черный ракетомет закругленно-прямоугольной формы с двумя откидными крышками, висящими под обоими концами ракетомета, и двумя металлическими хомутами в передней части. Также на корпусе видны незначительные потёртости. Задняя крышка болтается при движении игрока.\r\n\r\nЗа каждого врага, задетого взрывом Черного ящика, игрок получает до 20 очков здоровья, в зависимости от того, какой урон был нанесен врагу. При максимальном уровне здоровья игрок не получит сверхлечение при попадании по врагам. Солдат не получит здоровья, если враг находится под воздействием убер-заряда или Бонка! Атомного залпа; однако, очки здоровья будут получены за попадание по невидимому или по замаскированному шпиону. При попадании по противнику с игрока не будут сняты эффекты догорания, кровотечения, Банкате и Зломолока. Восстанавливаемые очки здоровья отображаются над индикатором здоровья на дисплее игрока. Недостатком этого оружия является то, что он может содержать только три ракеты, вместо четырех. Это делает Черный ящик идеальным в случае, если необходимо оставаться в живых как можно дольше, жертвуя при этом наносимым уроном.\r\n\r\nОтраженные ракеты Черного ящика также восстанавливают здоровье поджигателю, если они попали во врага.\r\n\r\nИконка убийства Черным ящиком была создана пользователем Psyke.', 8),
(33, '', '../картинки/тренировочный.png', 'Тренировочный ракетомёт', 'Тренировочный ракетомёт — это тренировочное основное оружие для солдата. Представляет собой обычный по форме ракетомёт, имеющий окрас как у Тренировочного липучкомёта. Раструб и металлическая панель сбоку окрашены в оранжевый с белыми полосами, к металлической панели прибит треугольный знак. Дуло полностью окрашено в оранжевый цвет.\r\n\r\nЯвляясь тренировочным оружием, этот ракетомёт не наносит урона своими ракетами, позволяя игроку свободно практиковаться в технике прыжков на ракетах. Количество боеприпасов у Тренировочного ракетомёта увеличено в три раза, позволяя игроку использовать сорок дополнительных ракет. Пользователь по прежнему может погибнуть от падения с высоты. При успешном совершении прыжка на ракете будет воспроизведен звук, дающий игроку понять, что прыжок выполнен успешно. Однако игроки с этим оружием не смогут нести разведданные в режиме Захвата флага, чемодан с австралием в режиме Особой доставки и мяч в режиме Дай пас.', 8),
(34, '', '../картинки/освободитель.png', 'Освободитель', 'Освободитель — это созданное сообществом основное оружие для солдата. Представляет собой армейский ракетомёт оливкового цвета с прицелом со знаком армии США, а также деревянными рукоятками, прикладом и раструбом.\r\n\r\nСнаряд Освободителя летит со скоростью 1540 Hammer-единиц в секунду (около 106 км/ч), что на 40% быстрее обычной ракеты. Освободитель также наносит на 25% меньше урона по себе от прыжков на ракете. По сравнению со стандартным ракетомётом, Освободитель превосходит его в размере обоймы, в которой содержится пять ракет вместо четырёх, однако уступает наносимому урону, который уменьшен на 25%, делая Освободитель более точным и мобильным, но в целом менее разрушительным.', 8),
(35, '', '../картинки/5000рублей.png', 'Линчеватель скота 5000', 'Линчеватель скота 5000 — это основное оружие для солдата. Представляет собой базукоподобную ретро-футуристическую лучевую пушку. Несколько его деталей покрашены в цвет команды, а между передними излучателями время от времени проходят электрические заряды.\r\n\r\nЭто оружие способно произвести четыре энергетических залпов, окрашенных в цвет команды, наносящих на 80% меньше урона постройкам по сравнению с ракетомётом. Произведённые залпы действуют как ракеты; с их помощью можно совершать прыжки на ракете и они могут быть отражены вражескими поджигателями. Линчеватель скота 5000 имеет полосу «ЗАРЯД» на дисплее игрока, служащую показателем боеприпасов. После опустошения полосы, он может быть перезаряжен (при перезарядке поворачивается рычаг, находящийся сбоку). Линчеватель скота 5000 не требует резерва боеприпасов, повторяя типичную черту большинства оружия из наборов Доктора Грордборта, таких как Помсон 6000, Благочестивый бизон и Людоплав.\r\n\r\nЕсли полоса «ЗАРЯД» полна, при нажатии кнопки дополнительного огня (по умолчанию: MOUSE2), можно произвести заряженный выстрел, при этом будет израсходована вся полоса «ЗАРЯД», а во время зарядки выстрела скорость солдата упадёт до ⅓ от его стандартной скорости: с 80% до 27%. Зарядка занимает 2 секунды, после чего производится один заряженный выстрел, у которого скорость и радиус поражения такие же, как у обычного выстрела. Этот выстрел наносит мини-критический урон игрокам и наносит урон от догорания в течение шести секунд (с промежутками между получением урона, как у огнемёта), догорание может затронуть и солдата, выпустившего заряд, если тот находился слишком близко. Заряженный выстрел может уничтожать вражеские бомбы-липучки, а также отключает вражеские постройки на 4 секунды и при прямом попадании может оттолкнуть убер-заряженных противников, что даёт оружию незначительный отрицательный потенциал против убер-заряда. Однако ущерб, наносимый заряженным выстрелом, будет уменьшен любыми предметами, которые обладают сопротивлением от взрывов или огня.\r\n\r\nЭто оружие вместо критов будет наносить мини-критический урон, включая бонус убер-заряда Крицкрига и критический бонус Фляги для бонусов. Случайных критов не будет.\r\n\r\nВраги, убитые из Линчевателя погибают необычной смертью: они чернеют, зависнут в воздухе с анимацией расщепления, окружённой частицами цвета команды, и затем сгинут в пепле, при этом издавая громкие звуки испепеления.. Подобно смертям от удара в спину или выстрела в голову, после убийства противника с 25% шансом может воспроизвестись анимация расщепления его трупа. Если же противник погиб от заряженного выстрела, его труп будет разорван, а частички тела будут индивидуально испаряться, летя в случайных направлениях.', 8),
(36, '', '../картинки/бомж.png', 'Базука бродяги', 'Базука бродяги — это созданное сообществом основное оружие для солдата. Представляет собой ракетомет, сделанный из трубок, неудачно подобранных рукояток, сделанных из дерева и пластика, и фильтра, закреплённых вместе болтами и гайками, электрическими проводами, различными ремнями и поясками. На конце оружия установлена воронка в качестве самодельного раструба.\r\n\r\nИзначально боезапас наготове у Базуки бродяги равен нулю. При нажатии и удерживании кнопки основного огня, солдат начнет заряжать ракеты и будет продолжать до тех пор, пока игрок не отпустит кнопку. Отпустив кнопку, все заряженные ракеты будут выпущены одна за другой с быстрой скоростью стрельбы, которая увеличена на 70% по сравнению со стандартным ракетометом, однако ракеты будут лететь с максимальным углом отклонения в три градуса, а их радиус взрыва уменьшен на 20%. В ракетомет можно зарядить до трех ракет; при попытке зарядить четвертую ракету оружие даст осечку, что вызовет взрыв одной из заряженных ракет, нанеся урон по солдату и всем рядом находящимся вражеским игрокам. Игрок может продолжать вставлять лишние ракеты и вызывать тем самым осечки. С помощью осечек игрок также может совершать мощные прыжки на ракете, это связано с тем, что эпицентр взрыва максимально близок к игроку. Даже если у игрока закончится боезапас, солдат не прекратит заряжать лишние ракеты в обойму.\r\n\r\nБоезапас Базуки бродяги не может быть пополнен, если игрок держит ее в руках и находится рядом с раздатчиком или вагонеткой.\r\n\r\nБазука бродяги была представлена в Мастерской Steam под названием «Doe\'s Dumpster Device».', 8),
(37, '', '../картинки/авиа.png', 'Авиаудар', 'Авиаудар — это созданное сообществом основное оружие для солдата. Представляет собой зелёный ракетомёт с деревянными рукоятками, формой напоминающий атомную бомбу, спереди которого нанесён шахматный узор. Стреляет бело-зелёными ракетами со стабилизаторами на передней и задней части снаряда.\r\n\r\nСнаряды, выпущенные из этого оружия, наносят на 15% меньше урона (включая урон по противнику и по себе) и их радиус взрыва на 10% меньше. При прыжке на ракете скорость атаки этого оружия возрастает на 65%, радиус взрыва ракет уменьшается еще на 20%, что на 28% меньше радиуса взрыва ракет стандартного ракетомёта, и от них остаются белые инверсионные следы. Кроме того, количество ракет наготове увеличивается на 1 каждый раз при убийстве противника, вплоть до 8 ракет после 4 убийств.\r\n\r\nЕсли подрывник Одноглазым горцем, Секирой Пешего всадника без головы или Железной девяткой Несси убьёт солдата с Авиаударом, то все убийства, накопленные им, перейдут подрывнику (включая голову самого солдата). К солдату так же перейдут головы, если тот убьет подрывника или снайпера с Базарной безделушкой.\r\n\r\nАвиаудар был представлен в Мастерской Steam под названием «The Atom Launcher».', 8);
INSERT INTO `weapons` (`ID`, `phrase`, `Picture`, `Name`, `Description`, `character_id`) VALUES
(38, '', '../картинки/палка.png', 'Дробовик', 'Дробовик — это стандартное основное оружие для инженера и дополнительное для солдата, поджигателя и пулемётчика. Представляет собой стандартный помповый дробовик с короткой ручкой, без приклада.\r\n\r\nДробовик стреляет 10 дробинками каждые 0,6 секунд и наносит большой урон на близкой дистанции, достаточный для убийства всех классов, кроме солдата и пулемётчика (для их убийства потребуется два выстрела), но с увеличением расстояния до цели, наносимый им урон резко снижается. Разные классы используют дробовик в зависимости от ситуации и общей стратегии.\r\n\r\nТак как дробовик является основным оружием инженера, он обычно использует его для того, чтобы защищать свои постройки от противников на ближней дистанции, а также для проверки подозрительных игроков или добивания врагов, раненых его турелью. Поджигатель обычно использует дробовик в случаях, когда противник вышел за радиус поражения огнемёта или если бой идёт под водой. Солдат полагается на дробовик, если у него закончились ракеты в обойме и нет времени на перезарядку, а также в случае, когда враг находится слишком близко и выпущенная по нему ракета может нанести урон самому солдату или же против вражеских поджигателей, которые пытаются отразить ракеты. Пулемётчик будет использовать дробовик в ситуации, когда у него нет времени на раскрутку пулемёта или когда ему необходимо быть мобильнее на поле боя.\r\n\r\nТакже как и у стандартного обреза, Прерывателя и Неумолимой силы, при первом выстреле хотя бы одна дробинка летит точно в цель, после этого начинает действовать «эффект разброса» при стрельбе. Когда на сервере отключен эффект разброса, все дробинки будут попадать в небольшой радиус вокруг прицела, формируя квадрат 3х3.\r\n\r\nИграя за поджигателя, насмешка с дробовиком исполнит убийственную насмешку Хадокэн.', 8),
(39, '', '../картинки/офицер.png', 'Офицер запаса', 'Офицер запаса — это созданное сообществом дополнительное оружие для солдата и поджигателя. Представляет собой помповый дробовик с деревянными прикладом и цевьём, а также накладкой на ствол и ствольной коробкой оливкового цвета. Справа на коробку нанесена белая эмблема армии США.\r\n\r\nМагазин Офицера запаса вмещает всего четыре патрона, но его использование позволяет переключаться на него на 20% быстрее. Как и Прямое попадание, Офицер запаса наносит мини-критический урон, если цель была подброшена в воздух взрывом, реактивным ранцем или Абордажным крюком, но не сжатым воздухом.\r\n\r\nИграя за поджигателя, насмешка с Офицером запаса исполнит убийственную насмешку Хадокэн.', 8),
(40, '', '../картинки/бэкпэк.png', 'Вдохновляющее знамя', 'Вдохновляющее знамя — это разблокируемое дополнительное оружие для солдата, созданное сообществом. Представляет собой потрепанный боевой штандарт, сложенный внутри небольшого рюкзака, к нему также прилагается помятый латунный горн. Сам штандарт находится внутри рюкзака до того момента, как солдат протрубит в горн, после чего он появляется на древке, укрепленном на рюкзаке.\r\n\r\nПри использовании Вдохновляющего знамени, на дисплее игрока появляется «счётчик ярости», который заполняется по мере нанесения солдатом урона врагам. Счётчик заполняется полностью после того, как солдат нанес 600 единиц урона за одну жизнь после чего, солдат может протрубить в горн и поддержать свою команду. Стоит отметить, что убийство врага выходом из телепорта заполнит счётчик ярости полностью, независимо от того, насколько он был заполнен до этого, и какой класс был убит подобным способом. Смена класса, смерть или замена Знамени на другое дополнительное оружие обнулят счётчик ярости солдата.\r\n\r\nНа протяжении последующих 10 секунд после активации Знамени, все выстрелы союзников (а также самого солдата) в радиусе 450 единиц от солдата станут мини-критическими. Все вдохновлённые игроки будут заметны по светящемуся кольцу в ногах, кроме того, их оружие будет светиться, напоминая свечение при критическом усилении. Существует возможность оттянуть активацию Знамени удерживая кнопку атаки (по умолчанию: MOUSE1).\r\n\r\nИ хотя игроки получают усиление только находясь внутри радиуса распространения эффекта Знамени, противнику необязательно находиться в этом радиусе для получения дополнительного урона, поэтому выпущенные ракеты, бомбы-липучки, любая атака турели, а также догорание будут наносить повышенный урон врагам до тех пор, пока игрок находится под эффектом Вдохновляющего знамени. Если игрок покинет радиус распространения эффекта, все выстрелы потеряют мини-критическое усиление.\r\n\r\nВдохновляющее знамя выдается игроку после выполнения любых 17 достижений солдата.', 8),
(41, '', '../картинки/ботинки.png', 'Штурмботинки', 'Штурмботинки — это дополнительное оружие солдата. Представляет собой пару модифицированных металлических сапог для прыжков, похожих на те, что используются десантниками.\r\n\r\nШтурмботинки снижают урон по себе, получаемого при выполнении прыжков на ракетах на 60%. Урон, наносимый врагам, не снижается. Кроме того, эти ботинки не снижают урон, получаемый игроком при падении.\r\n\r\nЭтот предмет был выпущен в качестве награды для солдата, победившего в обновлении «Война».', 8),
(42, '', '../картинки/поддержка.png', 'Поддержка батальона', 'Поддержка батальона — это созданное сообществом дополнительное оружие для солдата. Представляет собой военную рацию, к которой коричневыми ремнями прикреплены сложенная карта и чёрный магнитный компас. К рации прилагается бронзового цвета горн с оловянным мундштуком. Когда бонус активен, на рации поднимается изорванное жёлтое треугольное знамя, всё в штопке и заплатах.\r\n\r\nЭто оружие нацелено на поддержку команды в плане обороны, а не в плане атаки, однако может быть использовано в атаке как защита от турелей и Крицкрига. Также как у Вдохновляющего знамени, счетчик ярости расположен на дисплее игрока, заполняется при нанесении урона по врагам в течение жизни; как только счётчик заполнен, это оружие можно использовать, чтобы сделать себя и всех союзников находящихся в радиусе 450 Hammer-единиц невосприимчивыми к критическому и мини-критическому урону, дать им 35% сопротивление любому виду урона и 50% от урона турелей на 10 секунд. Также можно задержать начало эффекта Поддержки Батальона после горна, тем самым задерживая эффект действия, это можно сделать удерживая кнопку атаки (по умолчанию: MOUSE1). Дополнительно, при надевании максимальное здоровье владельца увеличивается на 20 единиц до 220. При сверхлечении, здоровье будет увеличено на 30 единиц.\r\n\r\nЭффект применяется ко всем союзникам в радиусе действия, вне зависимости от метода критического урона. Поддержка батальона также защищает от усиленных эффектов отбрасывания критическими выстрелами. Сопротивляемость урону будет складываться с другими факторами, например с дополнительным уроном от Костыля или с защитой к взрывам от Штурмового щита.', 8),
(43, '', '../картинки/завоеватель.png', 'Завоеватель', 'Завоеватель — это созданное сообществом поощрительное дополнительное оружие для солдата, созданное сообществом. Представляет из себя светло-коричневый деревянный ящик с металлическими уголками и изображенной на нем ромбовидной эмблемой, состоящей из четырех равных квадратов. Сопровождается трубой, сделанной из морской раковины. При активации появляется высокий, немного потрёпанный прямоугольный белый флаг с вышеупомянутой эмблемой, прикрепленный на двух бамбуковых палках, показывая напарникам и врагам, что эффект Завоевателя активирован. Само оружие имеет командный оттенок: оранжево-коричневый цвет для Красных и светло-голубой оттенок коричневого цвета для Синих.\r\n\r\nПодобно другим Знамёнам солдата, счётчик ярости Завоевателя заполняется при нанесении урона. По сравнению с Вдохновляющим знаменем и Поддержкой батальона, требуется 480 единиц урона, чтобы заполнить счётчик ярости Завоевателя, в то время как для остальных знамён требуется 600 единиц урона. Удерживая кнопку атаки, можно задержать начало эффекта до тех пор, пока кнопка не будет отпущена. При активации накладывает особый эффект на окружающих товарищей по команде в радиусе 450 Hammer-единиц. Все товарищи по команде, попавшие в радиус действия, получают бонус — «35% от наносимого урона возвращаются в виде здоровья», а так же получают прибавку к скорости. Прибавка к скорости идентична бонусу, полученному от Дисциплинарного взыскания, однако увеличение скорости не может быть сложено, если активированы эффекты как от Завоевателя, так и от Дисциплинарного взыскания. Кроме того, Завоеватель также добавляет пассивный эффект регенерации, восстанавливая потерянное здоровье со скоростью 4 единицы в секунду; однако, как и у регенерации медика, это зависит от того, насколько недавно игрок получил урон. Эффект может действовать и на тех союзников, которые находятся выше или ниже относительно игрока с активированным Завоевателем, так как действие эффекта распространяется не только горизонтально, но и вертикально, поэтому зачастую можно попасть в радиус действия эффекта находясь в другом помещении.\r\n\r\nВ режиме «Манн против машин», пассивная регенерация Завоевателя всегда восстанавливает 4 единицы здоровья в секунду, независимо от того, был ли игрок недавно ранен или нет.\r\n\r\nИгроки, предзаказавшие Total War: SHOGUN 2 в Steam до 21 марта 2011 получили предмет с качеством высшей пробы.', 8),
(44, '', '../картинки/людодавы.png', 'Людодавы', 'Людодавы — это созданное сообществом дополнительное оружие для солдата. Представляет собой пару темно-коричневых танкистских ботинок.\r\n\r\nПри надевании Людодавов, сила отбрасывания вражеского оружия (включая сжатый воздух) уменьшается на 75%, однако это не касается собственного оружия игрока, так что сила прыжков на ракетах останется прежней. Кроме того, всякий раз, когда игрок приземляется на врага, если падение было достаточно длительным, чтобы нанести игроку урон от падения, противнику будет нанесено 10 урона плюс тройной урон от падения, который должен был получить игрок, но при этом сам игрок не получит урон от падения. Падение не обязано происходить от прыжка на ракете, чтобы нанести урон. При успешном приземлении на противника прозвучит характерный звук, появится уникальный эффект частиц и экран игрока задрожит. Людодавы не имеют никакого эффекта, если игрок приземлится на постройку. Во время прыжков на взрывчатке, управляемость в воздухе увеличивается на 200%.', 8),
(45, '', '../картинки/бизон.png', 'Благочестивый бизон', 'Благочестивый бизон — это дополнительное оружие для солдата. Представляет собой ретро-футуристический лучевой пистолет.\r\n\r\nЭто оружие выстреливает медленным, неотразимым и неразрушаемым лучевым зарядом, способным пробить несколько целей на прямой линии, но взамен наносит сниженный урон по постройкам. Луч наносит повреждения любым врагам, коснувшимся его, и может неоднократно поразить одну цель, нанося 20 урона за мгновение.\r\n\r\nКак и Линчеватель скота 5000, Благочестивый бизон содержит полоску «Бизон» в дисплее, которая служит как индикатор обоймы патронов. При её опустошении оружие можно подзарядить через процесс перезарядки, в котором накачивается клапан сзади оружия. Он не включает в себя стандартный запас боеприпасов, используемый другими видами оружия.\r\n\r\nВраги, убитые Бизоном погибают необычной смертью: они чернеют, зависнут в воздухе с анимацией расщепления, окруженной частицами цвета команды, и затем сгинут в пепле, при этом издавая громкие звуки испепеления. Подобно смертям от удара в спину или попадания в голову, после убийства противника с 25% шансом может воспроизвестись анимация расщепления его трупа.\r\n\r\nWeta Workshop держала панель на San Diego Comic-Con 2011 и выдавала посетителям купоны, которые можно было активировать в Team Fortress 2 для получения Благочестивого бизона качества высшей пробы.[1]', 8),
(46, '', '../картинки/парашютист.png', 'Парашютист', 'Парашютист — это дополнительное оружие для солдата и основное оружие для подрывника. Представляет собой парашютный ранец с изображением масти пик, нашивкой с логотипом парашюта, красной ручкой и ярлыком на верёвке, на котором имеется надпись «#64». Парашют окрашен в серовато-белый цвет, на нем имеются различные дырки и разрывы.\r\n\r\nПарашютист позволяет игроку парировать в воздухе. Парашют раскрывается кнопкой прыжка (клавиша по умолчанию: Пробел). Это замедлит вертикальный спуск до 112 Hammer-единиц (приблизительно до 37,3% обычной скорости или 7,8 км/ч). Контроль перемещения в воздухе при раскрытии парашюта снижается на 50%. Для дезактивации парашюта необходимо нажать клавишу прыжка ещё раз, после этого скорость падения станет обычной. Игрок может активировать и дезактивировать парашют в воздухе всего 1 раз. Когда парашют раскрыт, вы можете атаковать из любого оружия.\r\n\r\nПарашют можно активировать, когда игрок находится в воздухе: прыгает, подлетает от взрыва или отбрасывания. Солдат, активировавший Парашютиста, может наносить критические попадания с помощью Землекопа (главное, чтобы прыжок являлся результатом взрыва).\r\n\r\nПарашютист был представлен в Мастерской Steam под названием «Troop Chute».', 8),
(47, '', '../картинки/паническая атака.png', 'Паническая атака', 'Паническая атака — это созданное сообществом основное оружие для инженера и дополнительное для солдата, поджигателя и пулеметчика. Представляет собой помповый дробовик с барабанным магазином, прикрепленным к передней части.\r\n\r\nПо сравнению со стандартным дробовиком, Паническая атака достаётся на 50% быстрее, количество пуль за выстрел также увеличено на 50% и разброс пуль не меняется а также урон уменьшен на 20%. Если при стрельбе в упор все дробинки попадают в противника то Паническая атака наносит немного больше урона чем обычный дробовик (108 вместо 90). Также узор разлета дробинок у данного оружия широкий, в виде сетки 5 x 3 и он сохраняется даже если отключен параметр отвечающий за кучность стрельбы.\r\n\r\nОсновной отрицательной особенностью данного оружия является его узор разброса при стрельбе: если использующий его игрок последовательно стреляет без остановки, (например зажав клавишу основного огня) то радиус разброса постоянно увеличивается и сбрасывается только когда игрок прекратит стрелять/перезарядится или сменит текущее оружие. Такая особенность делает данный дробовик более сложным в обращении и зачастую снижает эффективность стрельбы на дистанциях чуть дальше, чем ближняя.\r\n\r\nПаническая атака была представлена в Мастерской Steam.', 8),
(48, '', '../картинки/лопата.png', 'Лопата', 'Лопата — это стандартное оружие ближнего боя солдата. Представляет собой складную пехотную лопату с треснувшим черенком, также известную как шанцевый инструмент.\r\n\r\n', 8),
(49, '', '../картинки/уравнитель.png', 'Уравнитель', 'Уравнитель — это разблокируемое оружие ближнего боя для солдата. Представляет собой серебряную кирку, испачканную в пятнах крови с обеих концов.\r\n\r\nКогда оружие выбрано, оно обладает способностью увеличивать урон игрока по мере убывания его здоровья. Возможно даже такое, что с маленьким запасом здоровья солдат сможет уничтожить некоторые постройки за 2 удара. Однако, когда Уравнитель выбран, солдат получает на 90% меньше здоровья от всех лечебных пушек медика (не относится к аптечкам и раздатчикам). Его анимация критического удара — взмах тыльной стороной, бьющий врага острым концом оружия.\r\n\r\nНасмешка с Уравнителем исполнит убийственную насмешку солдата Камикадзе. Вариация насмешки доступна для игроков, которые надели Комплект червячка.\r\n\r\nИзначально, Уравнитель не только увеличивал наносимый урон, но и скорость игрока по мере уменьшения его здоровья. Эти атрибуты были убраны с Расколотого уравнителя — Бета в Team Fortress 2 Бета и были добавлены в игру 27 июня 2012 года. Нынешние атрибуты Уравнителя были взяты с Расколотого уравнителя — Бета 2, атрибуты Плана эвакуации — с Расколотого уравнителя — Бета 1.\r\n\r\nИгрок автоматически получает Уравнитель, выполнив 5 достижений солдата.', 8),
(50, '', '../картинки/костыль.png', 'Костыль', 'Костыль — это созданное сообществом оружие ближнего боя для солдата и подрывника. Представляет собой обломанную деревянную рукоять, перевязанную темной лентой, из которой торчат несколько маленьких гвоздей и один огромный железнодорожный гвоздь — костыль.\r\n\r\nИгрок, использующий Костыль, может захватывать контрольные точки и толкать тележки вдвое быстрее обычного, подобно разведчику. Костыль может эффективно использоваться в комбинации с прыжками на ракетах или липучках, чтобы быстрее добираться до контрольных точек и захватывать их. Однако владелец Костыля будет получать на 10% больше урона от огнестрельного оружия, такого как пулемет, обрез, дробовик, снайперская винтовка, турель и другие.\r\n\r\nВо время критического удара, солдат бьет оружием наотмашь слева направо, в то время как подрывник стремительным движением замахивается сверху вниз.\r\n\r\nИконка убийства Костылём создана пользователем funbuffet.', 8),
(51, '', '../картинки/катана.png', 'Полудзатоити', 'Полудзатоити — это созданное сообществом поощрительное оружие ближнего боя для солдата и подрывника. Представляет собой самурайскую катану с закругленными бороздами на цубе. Рукоять катаны отделана коричневой кожей.\r\n\r\nЕсли игрок достал Полудзатоити и, никого не убив, убрал его в ножны, он нанесёт себе 50 урона. Если он убил кого-то катаной, на лезвии появится кровь и оружие может быть убрано без всяких последствий, но надо будет совершить убийство снова, если игрок, убрав, достанет его. Также при убийстве катана восстанавливает носителю 50% от его полного здоровья, что позволяет компенсировать урон, полученный в схватке. Кроме того, это восстановление при достаточном уровне здоровья может дать сверхлечение до 50%. Согласно описанию, игрок с Полудзадоити убивает с одного удара любого другого вражеского игрока с этим же оружием в руке.\r\n\r\nКак и любой другой меч, Полудзатоити имеет увеличенную дальность удара, но дольше достается и убирается, как и все остальные мечи подрывника. Однако данный меч можно экипировать и на солдата, что делает Полудзатоити единственным оружием с увеличенной дальностью удара (кроме Дисциплинарного взыскания).\r\n\r\nНасмешка подрывника, снаряженного этим оружием, как и у других мечей - Обезглавливание. Успешное убийство кого-нибудь этой насмешкой окрасит оружие кровью.\r\n\r\nИгроки, предзаказавшие Total War: Shogun 2 на Steam до 15 марта 2011, были награждены версией высшей пробы этого предмета.', 8),
(52, '', '../картинки/плетка.png', 'Дисциплинарное взыскание', 'Дисциплинарное взыскание — это созданное сообществом оружие ближнего боя для солдата. Представляет собой стек с деревянной ручкой и болтающейся кожаной петлей на конце.\r\n\r\nУ этого оружия радиус действия на 70% длиннее (о чем не указано в описании), чем у большинства оружия ближнего боя, даже больше, чем у Одноглазого горца. Однако, оно наносит на 25% меньше урона по врагам.\r\n\r\nГлавное достоинство этого оружия — при ударе союзника этим оружием, и солдат, и союзник получают увеличение скорости, однако на разное время: союзник получит ускорение на 2 секунды, а солдат — на 3,6 секунды; ускорение варьируется в зависимости от класса (см. ниже). Признаком увеличения служит эффект частиц дуновения ветра, окружающий находящийся под влиянием класс, видимый для обоих из них и для других игроков. Сразу несколько товарищей по команде могут быть ускорены. Замаскированным шпионам также можно дать ускорение, однако при ударе они получат и урон.\r\n\r\n', 8),
(53, '', '../картинки/землекоп.png', 'Землекоп', 'Землекоп — это созданное сообществом оружие ближнего боя для солдата. Представляет собой складную лопату с деревянной ручкой желтовато-коричневого цвета и зеленым металлическим полотном.\r\n\r\nЗемлекоп наносит критические попадания врагам, когда солдат совершает прыжок на ракете, но не наносит случайных критов. В отличие от лопаты, атакует на 20% медленнее.', 8),
(54, '', '../картинки/план эвакуации.png', 'План эвакуации', 'План эвакуации — это оружие ближнего боя для солдата. Представляет собой обветрившуюся и потрепанную кирку с характерными сколами и потёртостями. С низу рукоятки присутствует чёрно-коричневый маток изоленты.\r\n\r\nКогда оружие выбрано, оно обладает способностью увеличивать скорость передвижения игрока по мере убывания его здоровья. Однако, когда План эвакуации выбран, солдат получает на 90% меньше здоровья от всех лечебных пушек медика (не относится к аптечкам и раздатчикам), а весь получаемый урон становится мини-критическим на период использования и на короткое время после смены оружия. Его анимация критического удара — взмах тыльной стороной, бьющий врага острым концом оружия.\r\n\r\nНасмешка с Планом эвакуации исполнит убийственную насмешку солдата Камикадзе. Вариация насмешки доступна для игроков, которые надели Комплект червячка.\r\n\r\nИзначально План эвакуации был добавлен в Team Fortress 2 Бета как Расколотый уравнитель — Бета 1, а затем был добавлен в игру 27 июня 2012 года.\r\n\r\nПлан эвакуации был автоматически выдан игрокам, у которых уже был Уравнитель до 27 июня 2012 года. Оружие было выдано в таком же качестве предмета, к которому относился Уравнитель. А также, если Уравнитель был переименован или имел измененное описание, План эвакуации имел то же название и/или описание.', 8),
(55, '', '../картинки/огнемет.png', 'Огнемёт', 'Огнемет — это стандартное основное оружие поджигателя. Представляет собой оружие, изготовленное из длинной металлической трубы, присоединенной при помощи шланга к газовому баллону. Баллон крепится на трубе при помощи металлических хомутов. У сопла огнемета постоянно горит огонёк. Курок огнемета сделан из ручки бензонасоса, окрашенной в цвета команды.\r\n\r\nПри использовании огнемет испускает поток пламени, образуя небольшой конус, и в секунду расходует примерно 12,5 единиц топлива за 23 частицы огня. Радиус поражения огнемета намного меньше, чем может показаться, однако испускаемый им поток пламени не блокируется противниками и вражескими постройками, что делает его идеальным для нанесения урона сразу нескольким целям. Также несмотря на то, что радиус поражения невелик, на близкой дистанции огнемет наносит огромный урон. На максимальном расстоянии поражения огнемет не достаточно точен, чтобы охватить пламенем лишь одного конкретного врага. Помните, что это оружие не работает под водой и вместо огня будет испускать безобидные пузыри. Огонь и сжатый воздух также не могут быть использованы, если игрок стоит лицом в упор к стене.\r\n\r\nОгнемет не только наносит направленный урон врагу, но и поджигает его, оставляя пылать в огне и некоторое время получать дополнительный урон. Сам поджигатель не горит, так как одет в огнезащитный костюм, но всё еще может получить урон от прямого потока пламени. Замаскированный под поджигателя шпион по-прежнему может быть подожжен. Потушить огонь можно с помощью лечебной пушки медика, раздатчика, прикосновения к воде, дружественного Банкате или Зломолока, сжатого воздуха, дополнительной атаки Людоплава, способностью тушения при помощи Сосульки, Звона смерти или любой из аптечек. Небольшой поток пламени огнемета может зажечь стрелу дружественного снайпера, использующего Охотник, а жертва, подстреленная данной стрелой, загорится; однако поджигателю не засчитают помощь в убийстве данным способом.\r\n\r\nНанесение направленного урона врагу огнеметом уменьшает получаемое им лечение и сопротивление к урону от лечебной пушки на 20%.\r\n\r\nДополнительная атака огнемета позволяет использовать сжатый воздух, с помощью которого можно отражать вражеские снаряды, отталкивать противников и тушить напарников. Каждый залп сжатого воздуха затрачивает 20 единиц топлива, чего хватает на 10 использований сжатого воздуха.', 9),
(56, '', '../картинки/радужигатель.png', 'Радужигатель', 'Радужигатель — это основное оружие для поджигателя. Представляет собой инструмент из четырех латунных рожков, с длинными и спиралевидными трубопроводами и емкостью с блестящей жидкостью цвета команды. Его брызги из потока превращаются в красочные пузырьки и радугу. Это оружие могут увидеть только те игроки, которые находятся в Пироландии; однако, на камере после гибели Радужигатель будет виден в любом случае. Игрокам, не находящимся в Пироландии, поджигатель с Радужигателем будет виден со стандартным огнеметом. Когда оружие выбрано, оно издает звенящие звуки, а при стрельбе издает звуки ветра и лопания мыльных пузырей.\r\n\r\nНанесение направленного урона врагу Радужигателем уменьшает получаемое им лечение и сопротивление к урону от лечебной пушки на 25%.\r\n\r\nНасмешка с Радужигателем исполнит убийственную насмешку поджигателя Армагеддон, во время которой поджигатель покрывает площадь вокруг себя огнем, убивая всех в этой области. В отличие от других предметов, связанных с Пироландией, игроки, не находящиеся в ней, будут видеть насмешку с небольшим отличием — поджигатель вместо того, чтобы сделать радугу, выдохнет струю огня от своего рта.\r\n\r\nХарактеристики оружия идентичны характеристикам огнемета.', 9),
(57, '', '../картинки/ностромский пламемет.png', 'Ностромский пламемет', 'Ностромский пламемет — это созданное сообществом поощрительное основное оружие для поджигателя. Представляет собой огнемет, по виду напоминающий огнеметы, сделанные Деннисом Паркером, одним из персонажей фильма Чужой. Запальник оружия светится в темноте.\r\n\r\nХарактеристики оружия идентичны характеристикам огнемета.\r\n\r\nПри надетом наборе Изолированный наемник оружие будет наносить дополнительный урон разведчикам, на которых надет набор Изоляционист, которые, в свою очередь, будут наносить поджигателю больший урон оружием ближнего боя (в обоих случаях наносимый и получаемый урон увеличивается приблизительно в 4 раза).\r\n\r\nНостромский пламемет высшей пробы получили игроки, оформившие предварительный заказ игры Alien: Isolation до 7 октября 2014 года.\r\n\r\nНостромский пламемет был представлен в Мастерской Steam.', 9),
(58, '', '../картинки/дожигатель.png', 'Дожигатель', 'Дожигатель — это разблокируемое основное оружие для поджигателя. Представляет собой стандартный огнемет, на сопло которого надета насадка в форме головы дракона.\r\n\r\nУ этого огнемета отсутствуют случайные криты, но вместо этого Дожигатель гарантированно нанесет критический урон противнику при атаке сзади. Область позади противника, в которой засчитывается нанесение критического урона составляет 90-градусный угол, расположенный точно позади модели. Это наполовину меньше области, в которой засчитывается удар в спину шпиона, что составляет 180 градусов позади противника.\r\n\r\nДожигатель, как и огнемет, Чистильщик и Радужигатель, имеет возможность стрельбы сжатым воздухом, но при этом тратится 50 единиц топлива, в то время как у всех других огнеметов израсходуется лишь 20.\r\n\r\nНанесение направленного урона врагу Дожигателем уменьшает получаемое им лечение и сопротивление к урону от лечебной пушки на 25%.\r\n\r\nДожигатель выдается за выполнение 16 достижений поджигателя.\r\n\r\nИконка убийства Дожигателя была создана пользователем NeoDement.', 9),
(59, '', '../картиники/чистильщик.png', 'Чистильщик', 'Чистильщик — это созданное сообществом основное оружие для поджигателя. Представляет собой огнемет, собранный из заправочного пистолета, автомобильного глушителя, огнетушителя цвета команды и горелки от газовой плиты.\r\n\r\nХарактеристики Чистильщика уменьшают задержку при переключении оружия: на 30% при смене на другое оружие и на 60% при обратной смене на Чистильщик, позволяя легче использовать стратегические комбинации с другим оружием, например с Огнетопором, Ракетницей и Офицером запаса. Однако, Чистильщик наносит на 66% меньше урона от догорания. Также как и огнемет и Дожигатель, Чистильщик имеет возможность стрельбы сжатым воздухом, но при этом тратится 25 единиц топлива вместо 20.\r\n\r\nНанесение направленного урона врагу Чистильщиком уменьшает получаемое им лечение и сопротивление к урону от лечебной пушки на 25%.\r\n\r\nИконка убийства Чистильщика была создана пользователем Psyke.', 9),
(60, '', '../картинки/флог.png', 'Флогистонатор', 'Флогистонатор — это основное оружие для поджигателя. Представляет собой ретро-футуристическое лучевое оружие с некоторыми металлическими деталями, бронзовыми или серебряными, в зависимости от команды, и баллоном с эмблемой доктора Грордборта, окрашенным в цвет команды. Оно атакует энергетическими волнами, но это только внешний эффект — в действительности повреждения наносят невидимые частицы огня, идентичные огнемету.\r\n\r\nЭто оружие не наносит случайных критов и не может использовать выстрел сжатым воздухом. Однако, когда Флогистонатор экипирован, весь урон огнем, наносимый любым оружием поджигателя, будет заполнять шкалу заряда «МММФХ». Когда шкала заполнена, заряд может быть активирован с помощью кнопки дополнительного огня (клавиша по умолчанию: MOUSE2) или кнопки выполнения насмешки (клавиша по умолчанию: G), при этом будет выполнена насмешка, которая активирует усиление критами на короткое время только для Флогистонатора. В процессе выполнения насмешки у владельца оружия будет 100%-ное сопротивление урону и отбрасыванию. Насмешка не может быть активирована, если игрок находится в воздухе или в воде.\r\n\r\nЧтобы полностью заполнить шкалу «МММФХ», нужно нанести 300 единиц урона (в режиме Манн против машин — 1200 по роботам или 3000 по танкам). При полном заполнении заряда вокруг дула оружия будут сверкать искры цвета команды (косметический эффект аналогичен лечебной пушке с полностью накопленным убер-зарядом). Эффект заряда длится ровно 10 секунд, однако это без учета длительности насмешки.\r\n\r\nНанесение направленного урона врагу Флогистонатором уменьшает получаемое им лечение и сопротивление к урону от лечебной пушки на 25%.\r\n\r\nВраги, убитые из Флогистонатора, погибают необычной смертью: они сгорают, превращаясь в оранжевую тлеющую золу, которая быстро исчезает.\r\n\r\nФлогистонатор был позже представлен в Мастерской Steam по просьбе Valve.', 9),
(61, '', '../картинки/ярость дракона.png', 'Ярость дракона', 'Ярость дракона — это основное оружие для поджигателя. Представляет собой огнемет черного и командного цвета с большим широким стволом, цилиндрическим бензобаком и пневматической трубкой сбоку. Видимый манометр встроен в сторону оружия; Метр датчика зависит от стрельбы из оружия или от использования сжатого воздуха.\r\n\r\nДействуя как огнемет на основе метательного снаряда, Ярость Дракона несет 40 «снарядов» вместо 200 единиц топлива, которые несут другие огнемёты. Основная атака (клавиша по умолчанию: MOUSE1) запускает быстрый, небольшой огненный снаряд, летящий со скоростью 3000 Hammer-единиц в секунду (примерно 128 миль/ч). Эти снаряды вызывают кратковременный эффект вспышки света вблизи поджигателя и любой точки соприкосновения.\r\n\r\nМесто попадания достаточно велики, чтобы враги, стоящие рядом или над поджигателем, могли быть поражены выстрелами, и, как обычное пламя, выстрел может проникать как сквозь игроков, так и сквозь постройки.\r\n\r\nКаждый огненный шар наносит примерно такой же урон, что и выстрел из Ракетницы, и заставляет противников на короткое время страдать от Догорания, даже вражеских поджигателей (хотя и на несколько более короткое время, чем для других классов). Удар по врагу, который уже находится в огне, наносит тройной урон. Любой удар по противнику заставляет оружие заряжать следующий выстрел в 2/3 от нормального времени (давая общую скорость атаки на 50% выше). Атакуя постройки инженера или танк, Ярость дракона наносит 75 урона за выстрел и вызывают быструю перезарядку, что делает его эффективным оружием для разрушения. Удар более чем по одной цели одним и тем же огненным шаром не уменьшает время перезарядки.\r\n\r\nНанесенный тройной урон не следует путать с критическим выстрелом, это просто множитель урона. Таким образом, хотя Ярость Дракона не может наносить случайные критические удары сама по себе, любой другой эффект, который вызовет критический или мини-критический урон, еще больше увеличит урон; полный критический удар от Ярости Дракона нанесет 225 урона, если попадет по горящему игроку.\r\n\r\nДополнительная атака (клавиша по умолчанию: MOUSE2) выпускает стандартный сжатый воздух, тратя 5 снарядов, но требует вдвое больше обычного времени перезарядки, прежде чем снова сможет выстрелить либо огненным шаром, либо сжатым воздухом.\r\n\r\nПоскольку снаряд Ярости Дракона считается модифицированной ракетой, огненный шар может отражаться вражескими поджигателями и испаряться атакой Короткого замыкания.\r\n\r\nВ Пироландии огненные шары выглядят как большая связка леденцов и радужных завихрений.\r\n\r\nЯрость Дракона может быть найдена через систему выпадений вещей. Кроме того, его можно заработать, выполнив Контракт Пиролании «Ярость Дракона», который дает не подлежащую обмену и продаже Ярость Дракона в качестве награды за контракт, или с помощью боевой краски Убийца драконов (которую можно получить из контракта с парком наемников «Мир наемников») для создания Ярости дракона, которую можно обменять и продать.\r\n\r\n', 9),
(62, '', '../картинки/палка.png', 'Дробовик', 'Дробовик — это стандартное основное оружие для инженера и дополнительное для солдата, поджигателя и пулемётчика. Представляет собой стандартный помповый дробовик с короткой ручкой, без приклада.\r\n\r\nДробовик стреляет 10 дробинками каждые 0,6 секунд и наносит большой урон на близкой дистанции, достаточный для убийства всех классов, кроме солдата и пулемётчика (для их убийства потребуется два выстрела), но с увеличением расстояния до цели, наносимый им урон резко снижается. Разные классы используют дробовик в зависимости от ситуации и общей стратегии.\r\n\r\nТак как дробовик является основным оружием инженера, он обычно использует его для того, чтобы защищать свои постройки от противников на ближней дистанции, а также для проверки подозрительных игроков или добивания врагов, раненых его турелью. Поджигатель обычно использует дробовик в случаях, когда противник вышел за радиус поражения огнемёта или если бой идёт под водой. Солдат полагается на дробовик, если у него закончились ракеты в обойме и нет времени на перезарядку, а также в случае, когда враг находится слишком близко и выпущенная по нему ракета может нанести урон самому солдату или же против вражеских поджигателей, которые пытаются отразить ракеты. Пулемётчик будет использовать дробовик в ситуации, когда у него нет времени на раскрутку пулемёта или когда ему необходимо быть мобильнее на поле боя.\r\n\r\nТакже как и у стандартного обреза, Прерывателя и Неумолимой силы, при первом выстреле хотя бы одна дробинка летит точно в цель, после этого начинает действовать «эффект разброса» при стрельбе. Когда на сервере отключен эффект разброса, все дробинки будут попадать в небольшой радиус вокруг прицела, формируя квадрат 3х3.\r\n\r\nИграя за поджигателя, насмешка с дробовиком исполнит убийственную насмешку Хадокэн.', 9),
(63, '', '../картинки/офицер.png', 'Офицер запаса', 'Офицер запаса — это созданное сообществом дополнительное оружие для солдата и поджигателя. Представляет собой помповый дробовик с деревянными прикладом и цевьём, а также накладкой на ствол и ствольной коробкой оливкового цвета. Справа на коробку нанесена белая эмблема армии США.\r\n\r\nМагазин Офицера запаса вмещает всего четыре патрона, но его использование позволяет переключаться на него на 20% быстрее. Как и Прямое попадание, Офицер запаса наносит мини-критический урон, если цель была подброшена в воздух взрывом, реактивным ранцем или Абордажным крюком, но не сжатым воздухом.\r\n\r\nИграя за поджигателя, насмешка с Офицером запаса исполнит убийственную насмешку Хадокэн.', 9),
(64, '', '../картинки/ракетница.png', 'Ракетница', 'Ракетница — это разблокируемое дополнительное оружие для поджигателя. Представляет собой короткоствольную однозарядную сигнальную ракетницу цвета команды.\r\n\r\nЭто оружие стреляет сигнальными ракетами, которые пересекают около 2000 Hammer-единиц в секунду, но они наносят небольшой урон. Они летят по дуге, сильно снижая высоту полета на больших расстояниях. Попадание из Ракетницы по врагу нанесет ему небольшой урон и подожжет его; причем урон, наносимый при этом, не зависит от расстояния до цели; кроме того, попадание по горящей цели нанесет критический урон. В отличие от другого оружия, которое требует перезарядки, Ракетница будет перезаряжаться даже если ее убрать до окончания перезарядки.\r\n\r\nСигнальная ракета исчезает при контакте с любой поверхностью или с сигнальной ракетой противника, издавая при этом шипящий звук. Не смотря на то, что Ракетница не стреляет под водой, с ее помощью можно стрелять по врагам, находящимся под водой (хотя это и не подожжет их).\r\n\r\nНасмешка c Ракетницей исполнит убийственную насмешку поджигателя Хадокэн.\r\n\r\nРакетница выдается за выполнение 10 достижений поджигателя.', 9),
(65, '', '../картинки/детонатор.png', 'Детонатор', 'Детонатор — это созданное сообществом дополнительное оружие для поджигателя. Представляет собой модифицированную Ракетницу, с удлиненным стволом, дополнительным прицелом и спирально окрашенным барабаном.\r\n\r\nСнаряды Детонатора при контакте с противником наносят незначительные повреждения, а также поджигают жертву. Кроме того, попадание по горящей цели нанесет мини-крит и обновит период горения противника.\r\n\r\nОднако, основной отличительной чертой оружия является то, что игрок может контролировать дальность полета и время взрыва снаряда. При детонации, в момент нахождения снаряда в полете, он воспламеняется, поджигая врагов в малом радиусе взрыва. Отдача от взрыва может быть использована для совершения достаточно высокого пламенного прыжка, подобно прыжку на липучке или прыжку на ракете. Игроки, экипирующие Детонатор, получают на 25% больше урона от собственных взрывов, сокращая спектр использования этого оружия.\r\n\r\nНасмешка с Детонатором идентична насмешке с Ракетницей Хадокэн.\r\n\r\nДетонация сигнальной ракеты может уничтожать липучки, аналогично Обжигающему выстрелу, Шотландскому сопротивлению, Быстромету а также любому оружию с мгновенными попаданиями.\r\n\r\nИзначально Детонатор был показан в Team Fortress 2 Бета.', 9),
(66, '', '../картинки/людоправ.png', 'Людоправ', 'Людоплав — это дополнительное оружие для поджигателя. Представляет собой ретрофутуристический лазерный пистолет серого цвета с небольшой колбочкой, наполненной жидкостью, окрашенной в цвет команды.\r\n\r\nОружие стреляет огненными сгустками энергии, которые действуют как снаряды Ракетницы, но летят на 50% быстрее. В отличие от Ракетницы и Детонатора, снаряды не наносят дополнительный урон по подожжённым игрокам. У этого оружия бесконечный боезапас, оно не наносит случайных критических попаданий и его не надо перезаряжать. Из-за отсутствия перезарядки игроку необходимо подождать, пока восстановится снаряд оружия, иначе при стрельбе Людоплав издаст тихий звук щелчка, подобно Махине, а из ствола оружия вылетят искры. При удерживании кнопки основного огня или постепенном ее нажатии оружие не будет издавать звук щелчка и искры не будут вылетать.\r\n\r\nЗажав кнопку дополнительного огня, игрок активирует функцию, похожую на вакуум, которая притягивает пыль с поверхности и тушит горящих союзников. Оружие способно тушить союзников на таком же расстоянии, на которое может достать сжатый воздух огнемета, однако в отличие от сжатого воздуха игроку потребуется каждый раз зажимать кнопку дополнительного огня, чтобы накопить воздух и потушить союзника. За каждое тушение здоровье игрока будет восстановлено на 20 единиц здоровья (подобно тушению сжатым воздухом), а Людоплав получит гарантированный крит, которые можно копить, подобно Самосуду и Алмазному змею. Можно накопить до 35 критов, но все они будут потеряны при смерти. При стрельбе критическим снарядом ствол Людоплава вспыхнет пламенем.\r\n\r\nВраги, убитые из этого оружия, погибают необычной смертью: они сгорают, превращаясь в оранжевую тлеющую золу, которая быстро исчезает (при убийстве Хадокэном результат будет тот же).\r\n\r\nНасмешка с Людоплавом исполнит убийственную насмешку поджигателя Хадокэн.\r\n\r\nЭтот предмет был назван «Manmelter 3600 ZX» в подробностях рекламы из официального блога TF2 и мастерской Weta.\r\n\r\nЛюдоплав был позже представлен в Мастерской Steam по просьбе Valve.', 9),
(67, '', '../картинки/обжигатель.png', 'Обжигающий выстрел', 'Обжигающий выстрел — это созданное сообществом дополнительное оружие для поджигателя. Представляет собой ракетницу с серым стволом и оранжевым дулом и черной рукояткой, держащейся на болтах на нижней части ствола, которую можно увидеть в ролике «Знакомьтесь, Поджигатель».\r\n\r\nЭта ракетница стреляет сигнальной ракетой, которая отбрасывает первого врага при попадании, затем отскакивает от него и взрывается, поджигая всех врагов в радиусе взрыва. Если сигнальная ракета не попадёт точно по врагу, то она взорвётся при контакте с окружающей средой или врагом. И прямое попадание сигнальной ракетой, и её взрыв могут нанести урон и поджечь врагов, и даже задеть одного врага дважды. Отбрасывание происходит только при прямом попадании из этого оружия, однако врагу будет нанесено на 35% урона меньше, чем от других ракетниц. Попадание или взрыв снаряда рядом с горящей целью нанесет ей мини-критический урон.\r\n\r\nОтбрасывание аналогично выстрелу сжатым воздухом, кроме того, что при попадании сигнальной ракетой враг будет отброшен одинаково, независимо от угла, под которым попал снаряд (взрыв снаряда над или под противником отбросит его в одном и том же направлении). Сила отбрасывания зависит от расстояния между игроком и целью, она увеличивается до трёх раз на очень большом расстоянии до цели (горящий враг будет отброшен сильнее, чем обычно).[1] Отбрасывание от взрыва также может быть использовано для реактивного прыжка, подобного прыжку на ракете или бомбах-липучках, правда, расстояние, которого с ним можно достичь, меньше, чем при использовании Детонатора.\r\n\r\nНасмешка c Обжигающим выстрелом исполнит убийственную насмешку поджигателя Казнь. Если сигнальная ракета заденет кого-либо на близком расстоянии, то она нанесёт 420 урона при попадании, иначе, она пролетит дальше как обычный снаряд (снаряд полетит в то место, куда был направлен прицел игрока перед насмешкой; в отличие от остальных насмешек, в которых также совершаются выстрелы, будет использован 1 снаряд из боезапаса игрока).\r\n\r\nСигнальная ракета может уничтожать липучки, аналогично Детонатору, Шотландскому сопротивлению, Быстромету а также любому оружию с мгновенными попаданиями.\r\n\r\nОбжигающий выстрел был представлен в Мастерской Steam.', 9),
(68, '', '../картинки/паническая_атака.png', 'Паническая атака', 'Паническая атака — это созданное сообществом основное оружие для инженера и дополнительное для солдата, поджигателя и пулеметчика. Представляет собой помповый дробовик с барабанным магазином, прикрепленным к передней части.\r\n\r\nПо сравнению со стандартным дробовиком, Паническая атака достаётся на 50% быстрее, количество пуль за выстрел также увеличено на 50% и разброс пуль не меняется а также урон уменьшен на 20%. Если при стрельбе в упор все дробинки попадают в противника то Паническая атака наносит немного больше урона чем обычный дробовик (108 вместо 90). Также узор разлета дробинок у данного оружия широкий, в виде сетки 5 x 3 и он сохраняется даже если отключен параметр отвечающий за кучность стрельбы.\r\n\r\nОсновной отрицательной особенностью данного оружия является его узор разброса при стрельбе: если использующий его игрок последовательно стреляет без остановки, (например зажав клавишу основного огня) то радиус разброса постоянно увеличивается и сбрасывается только когда игрок прекратит стрелять/перезарядится или сменит текущее оружие. Такая особенность делает данный дробовик более сложным в обращении и зачастую снижает эффективность стрельбы на дистанциях чуть дальше, чем ближняя.\r\n\r\nПаническая атака была представлена в Мастерской Steam.', 9),
(69, '', '../картинки/термальная тяга.png', 'Термическая тяга', 'Термическая тяга — это дополнительное оружие для поджигателя. Представляет собой металлический реактивный ранец цвета команды с двумя ракетными двигателями, по одному на каждой стороне (с правой стороны имеется эмблема поджигателя), и желтым фонарем сверху. При переключении на оружие двигатели рюкзака складываются наружу, открывая две ручки, которые поджигатель держит в каждой руке. Переключение на другое оружие приводит к тому, что ручки складываются внутрь рюкзака.\r\n\r\nТермическая тяга работает как инструмент для перемещения, который хранит два заряда реактивного ранца. Каждый заряд восстанавливается через 15 секунд, и его можно использовать под водой. Термическую тягу невозможно использовать 0,8 секунд при переключении на это оружие даже с использованием Чистильщика.\r\n\r\nПри использовании поджигатель выполняет прыжок, отправляя его на небольшое расстояние вверх. Вскоре после этого поджигатель быстро взлетит и он начнет двигаться в направлении взгляда. Начало прыжка тушит любых ближайших товарищей по команде и отталкивает ближайших врагов. При приземлении поджигатель отбросит ближайших врагов назад; если поджигатель падает с достаточно большой высоты и приземляется на врага (когда игрок издает «падающий» шум), Термическая тяга нанесет 3-кратный урон от падения, как Людодавы. Отдача, наносимая врагам, определяется тем, насколько высоко поджигается находится в момент старта реактивного прыжка. Если заряд реактивного ранца не используется, поджигатель не будет наносить урон при приземлении на противника.\r\n\r\nИгрок получает дополнительные 30% отбрасывания от всех источников урона, пока этот предмет экипирован, и получает меньше урона от падения при использовании зарядов реактивного ранца. Данные эффекты не указаны в описании Термической тяги.\r\n\r\nИспользование второго заряда в воздухе невозможно, если игрок не купит улучшение в режиме Манн против машин.\r\n\r\nНасмешка с Термической тягой исполнит убийственную насмешку поджигателя Взрыв газа.\r\n\r\nТермическую тягу можно получить путем случайного выпадения вещей. В качестве альтернативы, его можно заработать, выполнив не менее трех основных целей Контракта Пироландии и не менее одной бонусной цели. В качестве награды за выполнения задания выдается Термическая тяга, которая не подлежит обмену и продаже.', 9),
(70, '', '../картинки/запасной бак.png', 'Запасной бак', 'Запасной бак — это дополнительное оружие для поджигателя. Представляет собой погнутую канистру из-под бензина цвета команды с эмблемой поджигателя спереди и двумя параллельными желтыми или оранжевыми линиями снизу.\r\n\r\nОружие имеет шкалу бензина, которая заполняется со временем и при нанесении урона противникам. При возрождении канистра будет пуста. Шкалу бензина нельзя заполнить с помощью шкафчика снабжения или при возрождении. Шкала заполняется в течение 1 минуты и/или при нанесении 750 урона, после чего оружие может быть использовано. Бросив канистру, на месте падения будет выпущено видимое облако горючей жидкости на несколько секунд. Вражеские игроки, попавшие в данное облако будут покрыты горючей жидкостью, и от любого полученного урона (даже урона от падения) они загорятся на 10 секунд (применимо даже к поджигателям). В отличие от Банкате или Зломолока, покрытые горючей жидкостью игроки не будут считаться облитыми, из-за чего Неоновый аннигилятор не будет наносить критических повреждений. Запасной бак можно использовать так же и для тушения товарищей по команде.\r\n\r\nНасмешка с Запасным баком исполнит убийственную насмешку поджигателя Хадокэн.\r\n\r\nЗапасной бак может быть найден путем случайного выпадения. В качестве альтернативы, его можно заработать, выполнив Контракты Пироландии 1-3, в результате чего в качестве награды за контракт предоставляется Запасной бак, который не подлежит обмену и продаже.', 9),
(80, '', '../картинки/топор.png', 'Пожарный топор', 'Пожарный топор — это стандартное оружие ближнего боя поджигателя. Представляет собой типичный пожарный топор с красной головой, серебряным лезвием и деревянным топорищем.\r\n\r\n', 9),
(81, '', '../картинки/кледенец.png', 'Кледенец', 'Кледенец — оружие ближнего боя для поджигателя. Оно выглядит как большой леденец цвета команды с белым спиральным рисунком. Это оружие будет видно только игрокам, находящимся в Пироландии. Игрокам, не находящимся в Пироландии, будет виден стандартный пожарный топор поджигателя.\r\n\r\nУ оружия есть своя насмешка: при нажатии на клавишу насмешки поджигатель прокрутит Кледенец в руке и поднимет его в воздух, как в ролике «Знакомьтесь, Поджигатель». Игроки, не находящиеся в Пироландии, увидят ту же насмешку, но с пожарным топором.\r\n\r\nБоевые характеристики этого оружия аналогичны характеристикам пожарного топора.', 9),
(82, '', '../картинки/огнетопор.png', 'Огнетопор', 'Огнетопор — это разблокируемое оружие ближнего боя для поджигателя. Представляет собой грубо изготовленный топор, ржавое лезвие которого покрыто пятнами крови и обернуто колючей проволокой. Рукоять топора расщеплена с одного конца и обернута изолентой.\r\n\r\nПо сравнению со стандартным пожарным топором, Огнетопор наносит на 33% меньше урона, убирается на 35% медленнее и не может наносить случайные криты, но гарантированно наносит мини-криты по горящим врагам и тушит их, при этом наносит урон зависящий от оставшегося времени горения цели, а также дает ускорение при убийстве горящих врагов, которое длится в течении трёх секунд.\r\n\r\nОгнетопор выдается за выполнение 22 достижений поджигателя.', 9),
(83, '', '../картинки/почтовый дебошир.png', 'Почтовый дебошир', 'Почтовый дебошир — это созданное сообществом оружие ближнего боя для поджигателя. Выглядит как вырванный с силой почтовый ящик оливкового цвета, с нарисованным сбоку номером 606.\r\n\r\nПо характеристикам Почтовый дебошир не отличается от Огнетопора.', 9);
INSERT INTO `weapons` (`ID`, `phrase`, `Picture`, `Name`, `Description`, `character_id`) VALUES
(84, '', '../картинки/крушитель.png', 'Крушитель', 'Крушитель — это созданное сообществом оружие ближнего боя для поджигателя, представляющее собой большую двуручную кувалду.\r\n\r\nЭто оружие наносит удвоенный урон вражеским постройкам и может уничтожить мини-турель за один удар, а любую другую постройку, оставленную без внимания — за два. Крушитель также может одним ударом сбить жучок, установленный на дружественную постройку. В отличие от оружия ближнего боя инженера, Крушитель не может чинить поврежденные постройки. Кроме того, он наносит на 25% меньше урона врагам.\r\n\r\nИконка убийства Крушителем была создана NeoDement.', 9),
(85, '', '../картинки/молот.png', 'Молот', 'Молот — это поощрительное оружие ближнего боя для поджигателя. Он смоделирован с одноименной кувалды из Red Faction: Armageddon.\r\n\r\nХарактеристики оружия идентичны характеристикам Крушителя.\r\n\r\nМолотом высшей пробы были награждены все игроки, предзаказавшие Red Faction: Armageddon в Steam до 6 июня 2011 года.[1]', 9),
(86, '', '../картинки/разъеденитель.png', 'Разъединитель', 'Разъединитель — это созданное сообществом оружие ближнего боя для поджигателя. Представляет собой старый домкрат с привязанным к нему автомобильным аккумулятором, окрашенным в цвет команды.\r\n\r\nУрон Разъединителя идентичен урону пожарного топора, но при каждом убийстве с помощью Разъединителя, поджигатель восстановит 25 единиц здоровья. При непосредственном использовании скорость передвижения увеличится на 15%, но в бою он будет получать на 20% больше урона.\r\n\r\nЕсли поджигатель имеет более 100% здоровья, то он получит сверхлечение (максимальное значение 260 единиц). Дополнительно здоровье исчезнет со временем, подобно обычному перелечению.\r\n\r\nИконка убийства Разъединителя создана игроком Psyke.', 9),
(87, '', '../картинки/спиночёс.png', 'Спиночёс', 'Спиночёс — это созданное сообществом оружие ближнего боя для поджигателя. Это массивные садовые грабли с деревянной ручкой, резиновым наконечником на нижнем конце и зеленым металлическим хребтом на верхнем. Зубья на хребте частично погнуты и испачканы кровью.\r\n\r\nСпиночёс наносит на 25% больше урона в ближнем бою, чем пожарный топор, а также увеличивает на 50% количество здоровья, восстанавливаемого при помощи аптечек (включая брошенные на землю Бутерброды). Вооруженный Спиночёсом поджигатель будет получать 54 единицы здоровья (приблизительно 31% от своего общего запаса) из маленьких аптечек и 132 ед. (75%) из средних. С другой стороны, Спиночёс на 75% уменьшает скорость лечения при помощи раздатчиков, вагонеток и любых лечебных пушек медиков, вынуждая игрока в большей степени полагаться на разбросанные по картам аптечки, нежели на источники постоянного лечения.\r\n\r\nПоследнее условие также может быть преимуществом, а не недостатком, поскольку оно позволяет медику быстрее накапливать убер-заряд при лечении раненого поджигателя.\r\n\r\nИзначально Спиночёс был заменой модели Огнетопора в любительском обновлении «Модный против Подлого», но позднее его официально добавили в игру.', 9),
(88, '', '../картинки/вулкан.png', 'Заостренный осколок вулкана', 'Заостренный осколок вулкана — это поощрительное оружие ближнего боя для поджигателя. Выглядит как обсидиановая секира, лезвие которой покрыто слоем лавы.\r\n\r\nЗаостренный осколок вулкана наносит на 20% меньше урона, чем пожарный топор, но при ударе поджигает противника.\r\n\r\nИгроки, сделавшие предзаказ игры RIFT в Steam до 1 марта 2011, получили предмет с качеством высшей пробы.', 9),
(89, '', '../картинки/третья степеyь.png', 'Третья степень', 'Третья степень — это оружие ближнего боя поджигателя. Выглядит как пожарный топор цвета команды в ретро-футуристическом стиле, имеющий белую спираль накаливания вместо заостренной кромки лезвия.\r\n\r\nЭто оружие наносит урон не только врагу, по которому им ударили, но и игрокам, которые лечатся от цели, лечат ее лечебным лучом медика или насмешкой Ампутатора. Эффект распространяется по цепочке — все соединенные лучами игроки будут получать урон. Уязвимость к урону, как у Стальных кулаков или Разъединителя, не распространяется на других игроков, соединённых по цепочке.\r\n\r\nВо время насмешки с Третьей степенью будет играть звук электрогитары вместе с обычным бормотанием поджигателя.\r\n\r\nТретья степень была позже добавлена в Мастерскую Steam по запросу Valve.', 9),
(90, '', '../картинки/неон.png', 'Неоновый аннигилятор', 'Неоновый аннигилятор — это созданное сообществом поощрительное оружие ближнего боя для поджигателя. Представляет собой неоновую вывеску с китайским словом, означающим «бар» (酒吧, jiǔbā). Похоже, что она вырвана из стены (судя по ориентации символов). Сами символы окружены неоновыми трубками, которые покрашены в цвета команды, а также горят в темноте. Во время замахов оружием слышен электрический звук.\r\n\r\nЭто оружие наносит на 20% меньше урона и не имеет случайных критов, но оно наносит гарантированные криты «мокрым» игрокам: облитым Банкате или Зломолоком или погруженным в воду (в том числе на мелководье). К тому же, игрок считается мокрым в течение 5 секунд после выхода из воды. Также Неоновый аннигилятор может уничтожать вражеские жучки. В отличие от Крушителя и Молота, на это уходит два удара, а не один.\r\n\r\nВраги, убитые этим оружием, погибнут необычной смертью: они почернеют, зависнут в воздухе с анимацией расщепления, окружённой частицами цвета команды, и затем сгинут в пепле.\r\n\r\nНасмешка с Неоновым аннигилятором будет проигрывать низкий звук бас-гитары вместе с обычным бормотанием поджигателя.\r\n\r\nЭтот предмет высшей пробы получили игроки, оформившие предварительный заказ игры Sleeping Dogs в Steam до 14 августа 2012 года (или до 17 августа 2012 года в Европе).\r\n\r\nНеоновый аннигилятор был позже добавлен в Мастерскую Steam по просьбе Valve.', 9),
(91, '', '../картинки/горячая рука.png', 'Горячая рука', 'Горячая рука — это оружие ближнего боя для поджигателя. Представляет собой окрашенную в цвета команды (серую для Красных и темно-желтую для Синих) резиновую перчатку с двумя желтыми и одной серой полосами на запястье и с опаленными кончиками пальцев.\r\n\r\nУдарив врага этим оружием, скорость носителя повышается на некоторое время, а каждое попадание будет отображено в поле убийств аналогично Поддай леща и Голой руке; при убийстве врага этим оружием между иконкой убийства и его именем будет надпись «УБИЙСТВО ШЛЕПКОМ!». Наносимый урон уменьшен на 20% по сравнению с пожарным топором. Отличительной способностью данного оружия является то, что при нажатии кнопки основной атаки (кнопка по умолчанию: MOUSE1) будет совершено два удара рукой вместо одного, однако стоить заметить, что наносимый урон равномерно поделен между этими двумя ударами.\r\n\r\nНасмешка с Горячей рукой исполнит убийственную насмешку поджигателя Хадокэн.\r\n\r\nГорячую руку можно найти путем случайного выпадения. Кроме того, её можно заработать, выполнив все контракты Пироландии, за который дают не обмениваемую и не продаваемую Горячую руку в качестве вознаграждения за контракт.\r\n\r\nВ отличие от Штурмботинок, Бутлегера и Ботинок Али-Бабы, Горячая рука не появляется на вашей модели игрока, если это не активное оружие, которое держит поджигатель.', 9);

-- --------------------------------------------------------

--
-- Структура таблицы `weapons_characters`
--

CREATE TABLE `weapons_characters` (
  `id` int(11) NOT NULL,
  `character_id` int(11) NOT NULL,
  `weapon_id` int(11) NOT NULL
) ENGINE=InnoDB DEFAULT CHARSET=utf8mb4 COLLATE=utf8mb4_unicode_ci;

--
-- Дамп данных таблицы `weapons_characters`
--

INSERT INTO `weapons_characters` (`id`, `character_id`, `weapon_id`) VALUES
(1, 7, 1),
(2, 7, 2),
(3, 7, 3),
(4, 7, 4),
(5, 7, 5),
(6, 7, 6),
(7, 7, 7),
(8, 7, 8),
(9, 7, 9),
(10, 7, 10),
(11, 7, 11),
(12, 7, 12),
(13, 7, 13),
(14, 7, 14),
(15, 7, 15),
(16, 7, 16);

--
-- Индексы сохранённых таблиц
--

--
-- Индексы таблицы `characters`
--
ALTER TABLE `characters`
  ADD PRIMARY KEY (`ID`);

--
-- Индексы таблицы `hats`
--
ALTER TABLE `hats`
  ADD PRIMARY KEY (`ID`);

--
-- Индексы таблицы `hats_characters`
--
ALTER TABLE `hats_characters`
  ADD PRIMARY KEY (`ID`),
  ADD KEY `character_id` (`character_id`,`hat_id`) USING BTREE,
  ADD KEY `hat_id` (`hat_id`) USING BTREE;

--
-- Индексы таблицы `news`
--
ALTER TABLE `news`
  ADD PRIMARY KEY (`ID`);

--
-- Индексы таблицы `users`
--
ALTER TABLE `users`
  ADD PRIMARY KEY (`id`);

--
-- Индексы таблицы `weapons`
--
ALTER TABLE `weapons`
  ADD PRIMARY KEY (`ID`);

--
-- Индексы таблицы `weapons_characters`
--
ALTER TABLE `weapons_characters`
  ADD PRIMARY KEY (`id`),
  ADD KEY `Class_ID` (`character_id`,`weapon_id`),
  ADD KEY `Weapon_ID` (`weapon_id`);

--
-- AUTO_INCREMENT для сохранённых таблиц
--

--
-- AUTO_INCREMENT для таблицы `characters`
--
ALTER TABLE `characters`
  MODIFY `ID` int(11) NOT NULL AUTO_INCREMENT, AUTO_INCREMENT=457;

--
-- AUTO_INCREMENT для таблицы `hats`
--
ALTER TABLE `hats`
  MODIFY `ID` int(11) NOT NULL AUTO_INCREMENT, AUTO_INCREMENT=22;

--
-- AUTO_INCREMENT для таблицы `hats_characters`
--
ALTER TABLE `hats_characters`
  MODIFY `ID` int(11) NOT NULL AUTO_INCREMENT, AUTO_INCREMENT=16;

--
-- AUTO_INCREMENT для таблицы `news`
--
ALTER TABLE `news`
  MODIFY `ID` int(11) NOT NULL AUTO_INCREMENT, AUTO_INCREMENT=6;

--
-- AUTO_INCREMENT для таблицы `users`
--
ALTER TABLE `users`
  MODIFY `id` int(11) NOT NULL AUTO_INCREMENT, AUTO_INCREMENT=5;

--
-- AUTO_INCREMENT для таблицы `weapons`
--
ALTER TABLE `weapons`
  MODIFY `ID` int(11) NOT NULL AUTO_INCREMENT, AUTO_INCREMENT=92;

--
-- AUTO_INCREMENT для таблицы `weapons_characters`
--
ALTER TABLE `weapons_characters`
  MODIFY `id` int(11) NOT NULL AUTO_INCREMENT, AUTO_INCREMENT=17;

--
-- Ограничения внешнего ключа сохраненных таблиц
--

--
-- Ограничения внешнего ключа таблицы `hats_characters`
--
ALTER TABLE `hats_characters`
  ADD CONSTRAINT `hats_characters_ibfk_1` FOREIGN KEY (`character_id`) REFERENCES `characters` (`ID`),
  ADD CONSTRAINT `hats_characters_ibfk_2` FOREIGN KEY (`hat_id`) REFERENCES `hats` (`ID`);

--
-- Ограничения внешнего ключа таблицы `weapons_characters`
--
ALTER TABLE `weapons_characters`
  ADD CONSTRAINT `weapons_characters_ibfk_1` FOREIGN KEY (`character_id`) REFERENCES `characters` (`ID`),
  ADD CONSTRAINT `weapons_characters_ibfk_2` FOREIGN KEY (`weapon_id`) REFERENCES `weapons` (`ID`);
COMMIT;

/*!40101 SET CHARACTER_SET_CLIENT=@OLD_CHARACTER_SET_CLIENT */;
/*!40101 SET CHARACTER_SET_RESULTS=@OLD_CHARACTER_SET_RESULTS */;
/*!40101 SET COLLATION_CONNECTION=@OLD_COLLATION_CONNECTION */;
